,1952,73000,145801,161423,170462,174818,176269,182643,193233,193709,197072,357046,359872,365385,548587,584375,606927,743082,797229,814442,825808,1142029,1504042,1696853,1951826,2407149,2686384,3128077,3472078,3903651,3908639,3931537,4052330,4111715,4232045,4278525,4328910,4335781,4344883,4347159,4354477,4359590,4365130,4376828,4378683,4381430,4381553,4384058,4388174,4392188,4393532,4401580,4409730,4411295,4413347,4416570,4425214,4433823,4434334,4436046,4439469,4439603,4442130,4443172,4445673,4446320,4447072,4447188,4447950,4448331,4449054,4449236,4449851,4453609,4454025,4454531,4454839,4457438,4457872,4458306,4459196,4461030,4465907,4467447,4468234,4469576,4472091,4472174,4472399,4475758,4476604,4477696,4478125,4478815,4479397,4479405,4479989,4481131,4481427,4481613,4481861
1952,1.293339759674647,0.0,0.0,-0.0,0.10361123110510352,0.0,0.0,0.0,-0.0,0.0,-0.0,-0.0598704953887608,-0.08554590725248286,0.0,0.0,0.0,0.0,0.0,-0.0,0.0037266007894124833,0.00048399078656066047,0.0,-0.0,0.0,-0.0,0.0,0.0,0.0,-0.0,-0.0,0.0,0.0,0.0,-0.0,0.0,0.010910767104023701,0.08231696760612774,0.0,0.0,0.0,-0.0,0.0,-0.08366348152387569,0.0,-0.0,0.1002585973293711,-0.0,0.0,0.0,0.0,0.0,0.0,0.0,0.05967401455279271,-0.0,-0.0,0.022271249410098032,0.0,0.023228152944064634,0.03840307774268366,-0.0,0.0,0.0,-0.0,0.0,0.0,-0.06991909505913335,-0.0,-0.19910645190821985,-0.0,-0.09674045635233063,-0.00973437147491455,0.0,-0.1594714077589081,-0.0,0.0,0.0,0.0,-0.03760608877107523,0.004457301321273685,0.0,0.0,0.0,-0.0,-0.0,0.0,0.0,-0.03967706293474152,0.0,0.0,0.024638012611953655,0.06630153089628313,-0.09852083889142059,0.0,0.0,-0.0,0.0,-0.0,0.01366667061796898,-0.0,0.0
73000,0.0,1.551759309204043,-0.02408014731984562,0.0,0.0,0.016761924045076412,0.0,-0.0,0.0,0.0,0.0,0.0,0.0,0.0,-0.008112258505909298,-0.0,-0.08921272879567586,-0.09844077930347923,-0.0,-0.012610801752951858,0.1172635661453678,0.0,0.09913326164601353,-0.0,-0.0,0.0,-0.05063464684472117,-0.016702851539760852,0.0,-0.0,-0.0,0.0263058937863188,-0.003097061957903116,-0.0,0.0,-0.0,-0.022109450115122983,-0.04735517812854735,-0.19015036879056285,-0.0,-0.0,-0.0,0.0,-0.00454904757835875,0.0,0.06262728834106003,0.0,-0.0,-0.040750917815377444,0.0,0.0,0.0,0.0,-0.0,-0.0,0.005840624365397798,0.0,0.0,-0.0,-0.0,0.0,-0.0,-0.0,0.0,-0.0,0.0,0.08265506231480739,0.0,0.0,-0.0,0.0,0.032419050170492944,-0.02685298613972796,0.0,0.0,-0.05265638225159004,-0.0,0.02428475267188608,0.01612425153649682,-0.19277163164561156,0.0,-0.0,0.04230725892726707,0.00983313507066716,0.08286532577638926,0.016716408777866627,0.0,0.0,0.0,-0.0,-0.0,-0.0,0.048128297292275954,0.1026073004087495,0.0,0.0,-0.0,0.08569503897052198,0.0,0.0,-0.0
145801,0.0,-0.024080147319845646,1.4038367213236396,0.002403511331247783,-0.0,0.0,0.0,0.0,0.0,-0.0,0.0,0.019050266780352945,0.0,0.0,-0.04429839436574562,-0.0,-0.0,-0.0,0.0,-0.0,-0.0,-0.0,-0.0,0.0,0.0,0.0,-0.0,-0.0,0.0,-0.1715495277260473,-0.0,0.0,-0.0,0.0,0.0,0.0,-0.0,-0.0,-0.0,-0.0,0.055265932845267915,0.031714958214170044,0.0,-0.0,-0.10361826058004008,0.0,0.0,0.0,-0.0,0.047253178164584436,-0.0,-0.0,0.0,-0.08263851090745862,-0.0,0.0,0.0,-0.0,-0.062313355415024974,-0.20694586197285664,0.0,0.0,-0.0,0.0274520622466963,0.0,0.0,0.0,0.027115548344701618,0.0,-0.0,0.0462005796052813,0.0,-0.0,0.0029512268585715554,-0.0,-0.0,0.0,0.11766098477473018,0.0,-0.0,0.0,0.0,-0.0,0.0,0.0,-0.0,-0.01578145225558663,0.0,0.0,-0.0,-0.30410800732333304,-0.0,0.15986219062655638,0.0,-0.0,0.011157673704803438,0.0,0.025513248188384727,0.0,0.0010861408548125326,-0.0
161423,-0.0,0.0,0.0024035113312477763,2.1052665702309747,0.08175174127653982,-0.0,0.0,0.0,-0.0007164925673335404,0.0,-0.016344564373524273,-0.0,-0.0,0.0,0.0,0.0,0.0,0.0,0.0,0.0,0.0,0.0,0.0,0.0,0.0,0.0,0.0,0.0,-0.5505228876078092,0.0,-0.0,0.0,0.0,0.0,-0.5951508227981415,-0.0,0.0,0.009589796192149856,0.0,0.0,0.0,0.0,-0.042946004809081145,0.0,0.0,0.0,0.17473589531707845,0.0,0.0,0.0,0.01477241279244744,0.0,0.0,0.07917893540013272,0.0,0.0,0.0,0.0,0.0,0.0,-0.0,0.0,0.0,-0.0,0.0,0.015307433813932972,0.0,-0.0,-0.13117451455152973,0.004302634237798107,-0.13444023214740358,0.0,0.0,0.0,-0.0,0.0,0.0,-0.0,-0.0,0.0,0.029355180853959176,0.0,0.0,-0.0,-0.6975908690808791,0.0,-0.0,-0.0,0.0,0.0,0.0,0.0,-0.0,0.0,0.03954035054304682,0.0,0.0,0.0,0.0,-0.0,0.0
170462,0.1036112311051035,0.0,-0.0,0.08175174127653982,1.180936266840707,-0.019183695652377694,0.0,0.0,0.0755877205906124,-0.06678047136021394,0.0,-0.0,-0.0,-0.0,0.0,-0.0,0.0,0.015192390268810745,0.0,0.0,-0.0,-0.0,-0.02868097910379741,0.0,0.0,0.009954315179285647,-0.0,-0.0,0.0,-0.0,0.0,0.0,-0.0638636296995944,0.0,0.0,0.0,0.0,0.0,0.0,-0.0,0.0,0.05370695083012962,0.0,-0.0,-0.07686858532913075,-0.1453920909937622,-0.0,0.0,0.0,0.0,-0.054883484337506686,0.0,0.0,-0.0,-0.0,0.0,-0.0,-0.0,-0.0,-0.0801934377650662,-0.10527415996360508,0.0,0.0,0.0,0.0,0.0,0.0,0.0,0.0,0.0,0.022585772890887937,-0.0,0.0,0.0,-0.04294690518408818,0.009753126835552212,0.0,0.0,0.0,0.0,-0.0,0.0,-0.008793700945446778,0.0,0.0,-0.013558710063537788,-0.02112974693624113,-0.0,-0.0,0.048970720868587406,-0.0,0.0,0.0,-0.0692940476030778,-0.0,0.0,0.0,0.0,0.0,-0.0,-0.0
174818,0.0,0.016761924045076412,0.0,-0.0,-0.01918369565237768,2.574677800444312,-0.0,-0.02481349279179143,0.0,-1.1159660789042498,0.0,-0.0,0.0,0.0,0.0,-0.0,0.028656564213649205,0.0,0.0,0.0,-0.0,-0.0,0.0,-0.0,0.0,-0.0,-0.0,0.0,-0.0,-0.0,0.01507810603334242,-0.0,0.0,0.0,-0.0,0.0,0.0,0.0,0.0,-0.0,0.0,0.0,0.0,-0.0,0.0,-0.5686964127463575,0.0,0.0,0.015494221068972476,-0.0,-0.0,0.0,-0.0,-0.0,0.0,-0.019617076607142125,-0.0,0.0,-0.0,-0.0,0.0,0.0,0.0,-0.1792347039454374,0.0,-0.0,0.12571186505057902,0.0,0.0,0.1507818590883298,0.005789685200918958,0.0,0.005368903083501117,0.0,0.0,0.0,0.0,-0.11872741802713498,-0.0,0.0,-0.08511562475951188,0.0,-0.005629105742628947,0.03591013570864124,0.0,0.0,-0.0,0.0,-0.011909152720868801,0.0,0.0,-0.05654167617107783,-0.26629174347392515,-0.003221519667867212,0.0,0.0,0.0,-0.0,-0.25273248791068254,-0.0,0.0
176269,0.0,0.0,0.0,0.0,0.0,-0.0,1.9231741075787252,-0.0,0.0,0.0,0.0,-0.0,0.029265691219980433,0.0,0.0,0.0,0.0,0.0,0.0,0.0,0.0,0.0053551666981979384,-0.0,0.0,0.0,-0.9288696569141461,0.0,0.04353030370105772,0.0,0.0,0.0,-0.06442926462619224,0.0,0.0,0.0,0.0,0.0,0.0,0.0,0.0,0.0,0.0,0.04755373526956326,0.0,0.0,-0.0,-0.0,0.0,0.0,-0.12297563295473458,0.038235373765323766,0.0,-0.0,0.0,0.0,-0.0,-0.0023476080355814485,0.0,-0.0,0.019060600705946007,0.0,-0.0,0.0,-0.04796224815173977,0.0,-0.0,0.0,0.0,-0.0,0.06483447204244958,0.0,-0.0644542736932709,0.0,-0.0,0.0,0.0,0.0,-0.06119375132525051,-0.0,-0.0,-0.0,0.0,-0.0,0.0,0.0,-0.0,0.0,0.0,-0.06016882898057811,0.0,0.0,-0.020410259013588006,-0.1565886344839038,-0.16364883520017215,0.005912148258658954,0.0,0.0,-0.09288722770514683,-0.0,0.0,0.0
182643,0.0,-0.0,0.0,0.0,0.0,-0.024813492791791444,-0.0,2.069004952543281,0.0,-0.0,0.0,0.0,0.0,-0.0,0.0,0.0,0.0,-0.0,0.0,-0.0,0.0,0.0,0.055302732063934226,-0.0,0.0,0.0,0.0,-0.0,0.0,0.0,0.0,-0.0,-0.0,0.0,0.0,0.0,-0.0,0.0,-0.0077452383714587195,-0.0,0.0,-0.0,0.0,0.0,0.0,-0.0,0.03062993434366469,0.0,0.0,-0.012576486272909061,0.0,0.0,-0.0,-0.026981290131653665,0.0,0.0,-0.0,0.0,-0.0,-0.0,0.03925541818301238,-0.0,0.0,-0.0,-0.0,-1.446362658063807,0.0,0.0,0.0,0.0,0.035204735297432344,0.0,0.0,0.006637167502019023,0.04498920709040892,0.0,0.0,-0.0,0.06109461086805018,-0.0,-0.0,0.0,0.0,0.0,0.0,0.0,-0.0,0.0009147060960654971,-0.0,-0.0,0.0,-0.07685410465774752,0.0,-0.0,0.0,0.0,-0.0,0.0,-0.0,0.0,0.0
193233,-0.0,0.0,0.0,-0.0007164925673335612,0.0755877205906124,0.0,0.0,0.0,2.2558274706250065,0.0,-0.10256490134779749,-0.0,-0.0,0.0,0.0,0.0,0.0,0.0,-0.0,0.0,0.0,0.0,0.005813535129729867,0.006076440846013692,-0.0,0.0,0.0,0.03214339436858675,-0.0,0.00844887782969575,0.0,0.0,0.055704199726558046,-0.0,0.0,-0.11849700306985796,0.0,0.0,0.0,0.0,-0.0,0.0,-0.007911725693307038,0.0,-0.0,0.0,0.0,0.0,0.0,0.08903868374106032,0.0,-0.10103807639743008,0.0,0.0,0.0,0.0,0.0,-0.03703450503565746,0.0,0.0,0.0,0.0,0.0,0.0,0.0,0.014080658048783244,-0.49126559027889855,-0.8189878010396258,-0.0,-0.0,-0.05039694384457517,0.0,0.0,-0.0,0.0,-0.0,-0.0,0.0005756791211703957,-0.4932153938676282,-0.0,0.038676294445093226,0.0,0.0,-0.0,0.0,0.0,0.0,0.0,-0.0,0.0,0.0,0.0,0.0,0.0,-0.013011382890913775,-0.0,0.0,0.0,0.03825677262956598,0.0,0.0
193709,0.0,0.0,-0.0,0.0,-0.06678047136021394,-1.1159660789042498,0.0,-0.0,0.0,2.33291083556984,-0.0,0.0,0.0,0.0,0.0,-0.0,0.0,0.0,0.0,0.0,-0.0,-0.0,0.0,-0.0,0.0,0.0,-0.03017956899495748,-0.0,-0.0,0.0,0.0,-0.0,-0.0,0.0,0.0,-0.0,0.0,0.0,0.0,-0.0,-0.0,0.0,0.049890613925611615,-0.0,-0.0,-0.7341339662331781,0.0,0.0,0.0,0.0,-0.0,0.0,0.0,-0.10053252053680685,-0.0,-0.0,-0.0,0.0,-0.0,-0.0,0.0,-0.0,0.0,-0.0,-0.0,-0.0,0.040098145426415904,0.0,0.0669099213354923,0.0,0.0,0.006250263842131218,0.0,0.025595071805138578,0.0,0.0,-0.0,0.021843721625849674,-0.0,0.0,-0.0,0.0,-0.0,0.0,0.05115531463649632,0.0,-0.0,0.0,-0.0,0.0,-0.0,-0.0,-0.19876107290678202,-0.0,0.0,-0.0,-0.0,0.08802689906443052,0.0,0.0,-0.0
197072,-0.0,0.0,0.0,-0.016344564373524273,0.0,0.0,0.0,0.0,-0.1025649013477974,-0.0,2.1021595014946937,0.0,-0.04601328261370807,0.0,0.0,0.0,0.0,0.0,0.0,0.0,-0.0,0.0,0.0,0.0,0.0,0.0,0.0,0.0,-0.06022759982985941,0.0,0.0,0.0,0.0,0.0,-0.0,-0.0,-0.0,0.0,0.0,0.006356141034993511,0.0,-0.0,-0.0,0.015678015468344582,-0.0,0.0,-0.3830014814165958,0.0,0.0,0.0,0.0,0.0,-0.0,0.0,0.0,0.0,0.0,0.0,0.0,-0.0,-0.0,0.0,0.0,-0.0,0.0,0.0,-0.5359661314358064,-0.5962967099280545,0.0,0.0,-0.0,0.0,0.0,-0.0,-0.0,0.0,0.0,0.0,-0.0,0.0,0.0,0.0,0.047211016413885185,0.0,-0.3707781228786038,0.0,-0.0,0.0,0.0,-0.0,0.0,0.0,-0.0,0.0,0.19503061840870245,0.0,0.0,0.0008991872473077325,0.0,-0.0,0.0
357046,-0.05987049538876081,0.0,0.019050266780352973,-0.0,-0.0,-0.0,-0.0,0.0,-0.0,0.0,0.0,1.1634203505697824,-0.08241949109591117,0.0,0.0,0.04840589891557545,0.0,-0.0,0.0,0.0027521893372520687,0.0,0.021798155302644104,-0.0026901617926112092,0.0,0.0,0.0,0.0,0.0,-0.0,0.0,0.0,0.0,0.0,-0.0,-0.02584021694729907,0.0,0.0,0.0004817536870576067,0.0,0.0,-0.0,-0.0,0.0011745289462816513,0.0,0.0,-0.0,0.0,0.0,0.0,0.0,0.010921737672355505,0.0,-0.0,0.009449098752723227,0.0,-0.0,0.0,-0.0,0.0,0.0,-0.0,0.0,0.0,-0.0,-0.0,-0.0,-0.0,-0.0,-0.0,0.0,-0.0,-0.0,0.0,-0.03537812094176372,0.025039674376578697,0.0074275302268178856,-0.0,-0.0,-0.0,0.08810384961823771,-0.0,0.0,0.0,0.0,-0.0,0.0,-0.0,-0.16960318251913264,-0.0,0.03411466533544823,0.12194685297141793,0.015400851608661129,-0.0,-0.0,-0.0,-0.0,-0.0,-0.09461845821090815,-0.0,-0.0,0.0
359872,-0.08554590725248286,0.0,0.0,-0.0,-0.0,0.0,0.029265691219980447,0.0,-0.0,0.0,-0.04601328261370806,-0.08241949109591114,1.4186301489247803,0.0,0.0,0.0,0.022228970515403082,0.0,0.0,0.0097697156272896,0.0,0.0,-0.06766393050086449,0.0,0.0,-0.0,0.0,-0.0,-0.0,0.0,0.0,-0.0,0.0,0.0,-0.0,0.0,0.0,0.011050824244723041,0.04011534052641867,0.0,0.0,0.0,-0.4144544269170774,0.0,0.0,-0.0,-0.0,0.0,0.0,0.0,0.0,0.0,-0.0,-0.0,0.0,0.0,0.025398334491386412,-0.0,0.0,-0.0,-0.0,0.05492047293795048,0.02558774071051312,0.0,0.0,0.0,-0.0021419739002424276,-0.0,-0.0,0.0,-0.0,-0.0,0.0,-0.12937031792555553,0.0,0.006593382403075068,0.0,-0.0,-0.18954979151027784,0.03528825476096889,0.017637322422232295,-0.0,0.0,-0.0,-0.0,-0.0,-0.0,0.0,0.06901277869657763,0.0,0.11211629525936241,0.0025819240439939467,-0.0,0.0,-0.0,0.0,0.0,-0.0,0.0,-0.10131783478490301,0.0
365385,0.0,0.0,0.0,0.0,-0.0,0.0,0.0,-0.0,0.0,0.0,0.0,0.0,0.0,1.0764237216530927,0.0,-0.0,0.0,0.0,-0.0,0.0,-0.12676739360298495,-0.0,0.0,-0.0,0.0,0.0,0.04047929602805386,-0.02225286759040522,-0.0,0.0,0.0,0.0,-0.0,0.0,0.06048903534608081,0.0,0.0,0.0,0.0,-0.0,0.0,-0.0,0.0,-0.0,0.0,-0.0,-0.0012604744303673643,0.0,0.0,-0.0,-0.0,-0.0,0.0,0.0,-0.17218443971873598,-0.0,-0.0,-0.0,0.0,0.02998453720425205,0.0,-0.0,-0.0,-0.0,0.0,0.0,0.0,0.0,-0.0,0.0,-0.03199091624953854,0.0,0.0,0.0,-0.0,-0.0,0.0,0.0,0.11217366942774422,0.0,-0.08909168508599787,0.0,-0.0,-0.0,0.0,0.0,0.0,0.010674508494730929,-0.0,0.03973401370333492,0.0,0.0,0.0,-0.0,-0.0,0.0,-0.0,0.0,0.0,-0.0,-0.0
548587,0.0,-0.008112258505909277,-0.04429839436574562,0.0,0.0,0.0,0.0,0.0,0.0,0.0,0.0,0.0,0.0,0.0,1.3272614489620866,0.0,-0.10802317219072745,-0.0,0.0,-0.008773908680130525,-0.0,-0.0,0.008527896967055817,0.0,-0.0,0.0,-0.09854857685988754,-0.0,0.0,-0.1358453984059661,0.0,0.0,-0.1598524187127905,-0.0,-0.0,0.03545767270543322,-0.0,-0.0,-0.0,0.07653011913584348,0.0,0.0,0.0350387848561733,0.0,-0.0,0.009341530036652217,0.0,0.0,-0.032441070862935587,0.0,-0.07016023887132339,0.0009501765712326138,-0.02549931091898716,-0.0,0.02017481430896645,0.0,0.0,0.005878423895185635,-0.13994625605281796,-0.16185157898758828,-0.0,0.0,-0.0,0.0,0.0,-0.0,0.05332185916136452,0.01270129942633496,0.0,-0.0,0.0,0.0,-0.0,0.0,-0.0,-0.0,0.0,0.0,0.0,-0.0,0.0,-0.0,-0.0,0.0,0.0,-0.12849179509718428,-0.0,-0.0,0.0,0.0,-0.04744028117305976,0.0,0.03713067546427476,0.0,0.02858403143198171,0.0,0.0,0.02057779571624571,0.0,0.0,-0.0
584375,0.0,-0.0,-0.0,0.0,-0.0,-0.0,0.0,0.0,0.0,-0.0,0.0,0.04840589891557545,0.0,-0.0,0.0,2.805623398551167,0.0,0.0,0.0,-0.0,-0.37646958475402836,-0.7656569941090164,0.03212146976069605,-0.0,0.0,0.0,0.0,-0.0,0.0,0.0893809187812482,0.0,0.08750532666804155,0.0,0.0,0.0,-0.0,-0.0,-0.2264477599173162,0.0,-0.3418418688600929,0.0,-0.0,-0.0,-0.40277684823497123,0.0,0.0,0.0,0.0,0.0,0.0,-0.0,-0.003915303778572722,0.11961485633636369,-0.0,-0.5567546678771231,0.026865976934181385,0.0,-0.0,0.0,0.0,0.00123458681362789,0.0,-0.0,0.0,0.0,0.0,0.0,0.0,0.0,0.0,-0.0,0.0,0.0,0.0,-0.0,-0.0,0.0,0.10021692992871957,-0.0,-0.0,-0.0,0.0,0.0,-0.0,0.0,0.0,-0.0,0.0,0.0,-0.0,-0.0,0.0,0.05663099985982051,0.0,-0.0,0.0,0.0,0.13848262231768838,0.003363954915693468,-0.0,-0.20823537060774783
606927,0.0,-0.08921272879567584,-0.0,0.0,0.0,0.02865656421364922,0.0,0.0,0.0,0.0,0.0,0.0,0.02222897051540311,0.0,-0.10802317219072748,0.0,1.480399175946494,-0.1467724660079695,-0.0,-0.1410757661774853,0.06739308926899017,0.0,0.0,-0.0,-0.0,0.01440409069182945,-0.004445848111797365,-0.0,0.0,-0.0,-0.0,0.0,-0.019159868157168566,-0.0,-0.0,0.0,-0.0,0.0,-0.17688855628989414,0.0,-0.0,-0.0,0.041749958820254604,-0.0,0.0,0.017764790631293687,0.014787057254267877,-0.0,-0.17758631054671548,0.0,-0.061985750342986826,0.0,0.0,0.0,-0.0,0.0,0.0,0.0,0.0,-0.0,0.0,-0.0,-0.0,0.06677882962402411,-0.003700841980376915,0.0,0.026894597862498773,0.0,0.0,-0.0,0.0,0.0,-0.0,0.0,-0.08018528514995794,-0.016295085894473246,-0.0,0.0,0.0,-0.0,0.001379823245032455,-0.0,0.02912752802699954,0.00845055629643296,0.0,-0.0,0.0084279361336978,0.0,0.0,-0.0,-0.0,-0.0,0.0,0.185489453024623,0.0,-0.0,-0.0,0.048286911310030725,0.0,0.0,-0.0
743082,0.0,-0.09844077930347923,-0.0,0.0,0.015192390268810738,0.0,0.0,-0.0,0.0,0.0,0.0,-0.0,0.0,0.0,-0.0,0.0,-0.1467724660079695,1.6022620214630492,-0.0,-0.0,0.0,0.0,0.016342526648556656,-0.0041711864240630905,-0.0,0.0,-0.0,-0.03237753048453597,0.0,0.0,-0.0,0.0,-0.0,-0.0,-0.0,-0.0,-0.0,-0.0354881338193211,-0.4469780185184509,0.0,-0.0,-0.061601890092549114,0.0,0.0,0.0434394532748137,0.08165020383701328,0.011913042101045046,-0.0,-0.0,0.0,-0.0,0.0,0.0,0.0,-0.0,0.0,0.0,0.0,-0.0,0.0,0.023874127988228327,-0.0,-0.0,0.0,-0.1884950194140339,-0.0,0.023564867234748252,0.0,0.0,-0.0,0.0,0.0,-0.0330527825703487,0.0,0.0,-0.017961578754909592,-0.1386579115175438,0.0,0.0,-0.0,0.0,-0.0,0.0,0.0716421115271894,0.08883815152687648,0.0,0.0,0.0,0.0,-0.0,0.0,0.0,0.0,0.016946821586136453,0.0,-0.0,-0.0,0.03068514017093947,0.0,0.0,-0.0
797229,-0.0,-0.0,0.0,0.0,0.0,0.0,0.0,0.0,-0.0,0.0,0.0,0.0,0.0,-0.0,0.0,0.0,-0.0,-0.0,4.054202465519543,-0.0,0.09388091178012321,0.0,0.0,-0.0,-0.7656717400530257,0.0,-0.0,-0.0,0.0,0.057837934449992745,-0.0,0.0,-0.0,-0.9004119741282806,0.0,-0.0,-0.0,0.0,-0.0,0.0,-0.8520858993378968,-0.14609891204836284,0.0,0.0,0.0,0.0,0.0,-0.22850640882150747,-0.001237392055829907,0.0,0.0,0.0,0.026553098635131236,0.0,-0.0,0.06905123231781946,0.0,0.0,0.05201466808436539,0.017750756139413702,0.006050964636131202,-0.0,-0.0,0.0,-0.037385336712530026,0.0,-0.0,0.0,0.0,-0.18306770708773978,0.050221306206185326,0.0,-0.0,0.0,0.01913648741825301,-0.12311249452596444,-0.0,0.0,0.008648867276466916,0.0,0.0057199397297289165,-0.0,0.10670160164567218,0.0,0.0,0.009601682439479738,0.0,-0.0,0.0,0.0,0.0,0.0,0.0,0.008183116158726265,-0.0,-0.643724702596145,-0.1273640507241401,0.0,0.0,0.017540479468431673,-0.0
814442,0.0037266007894124833,-0.012610801752951872,-0.0,0.0,0.0,0.0,0.0,-0.0,0.0,0.0,0.0,0.0027521893372520617,0.009769715627289594,0.0,-0.008773908680130532,-0.0,-0.14107576617748524,-0.0,-0.0,1.65084539490578,0.0,0.0,0.0,-0.0,0.0,0.0,-0.00622055123663301,-0.019144475129574415,0.0,-0.0,-0.04444008512607954,0.0,0.0,0.0,0.0,-0.0,0.0,0.0,-0.19191394190267974,-0.0,0.0,-0.052035853360495196,0.0,-0.0,0.0,0.0,0.0,-0.2194929701167198,-0.0490436349620353,0.0,-0.002613109912313512,0.0,0.0,0.0,-0.0,0.0,-0.0,0.0,0.0,-0.0,0.0,-0.0,-0.03488807444386692,0.0,-0.0,-0.0,0.0251886900877515,0.0,0.0,0.0,0.0,0.0595146242601169,-0.17136060071144793,0.0,-0.0,-0.0,-0.12534704054085427,0.017767609703075442,0.04580465635154224,-0.00922868423588459,0.0,-0.15955311137814016,0.06968393624955894,0.06023131005152138,0.05613306366900535,0.0,0.0,0.0,0.023331718399060383,-0.0,-0.0,0.0,0.0,0.0008578245077631441,0.0,0.0,-0.0,0.005493674062299149,0.003475315086289052,0.0,-0.0
825808,0.00048399078656066047,0.1172635661453678,-0.0,0.0,-0.0,-0.0,0.0,0.0,0.0,-0.0,-0.0,0.0,0.0,-0.12676739360298495,-0.0,-0.37646958475402836,0.06739308926899017,0.0,0.09388091178012319,0.0,2.704116532203776,-1.7966250207105994,0.0,0.027887377675924307,0.003690357972978335,-0.0,0.06819671949393293,-0.0,-0.0,0.0,0.0,0.0,0.0,0.0,0.004279137508758614,0.0,-0.0,-0.0,0.0,-0.0,0.08346504014685442,0.0,-0.032707489848136664,0.0,0.0,-0.0,-0.0,0.10044304115387424,0.024511301308897324,-0.0,0.0,-0.06568375158579533,0.0,-0.05992307564988826,0.18714838973010706,0.0,0.0,-0.0,-0.0,-0.0,0.0,0.0,0.0,-0.0,0.08870659034183508,0.0,0.0,0.0,0.0919742039390239,0.0,-0.0002433213931522446,-0.0,0.0,0.0,-0.0,0.0,0.018525494970367123,0.0,-0.042252421102186036,0.0,-0.0,0.01755278572972392,-0.0,-0.10039533478253858,-0.0,0.0,-0.0,-0.0,-0.0,0.0,-0.0,0.0,0.0,-0.0,-0.0,0.007482369653808316,0.07011531879211322,0.0,0.0,-0.00468812851976335,-0.0
1142029,0.0,0.0,-0.0,0.0,-0.0,-0.0,0.0053551666981979384,0.0,0.0,-0.0,0.0,0.021798155302644104,0.0,-0.0,-0.0,-0.7656569941090164,0.0,0.0,0.0,0.0,-1.7966250207105996,3.4400976042406155,0.0751670906445876,0.0,0.0,0.0,0.0,-0.0,0.0,0.0,0.0,0.0,0.0,0.0,0.0,0.0,-0.0,-0.0,0.0,0.0,0.0,-0.0,-0.06654504351355178,0.0,0.0,-0.0,-0.0,0.0,0.0,0.0,0.0,-0.0,0.0,-0.0,0.0,0.0,0.0,-0.0,0.0,0.0,0.0,0.0,-0.0,0.0,0.0,0.0,0.0,0.10713330482339257,0.05010508052183556,0.0,-0.0,0.0,0.0,0.0,-0.0,0.0,0.0,0.0,-0.0,-0.0,-0.0,0.0,-0.0,-0.0,0.0,0.0,-0.0,0.0,-0.0,-0.0,-0.0,0.0,0.0,-0.0,-0.0,0.0,-0.0,0.005739582344026377,0.0,-0.052586330225965275,-0.8930002804940129
1504042,-0.0,0.0991332616460135,-0.0,0.0,-0.028680979103797424,0.0,-0.0,0.055302732063934226,0.005813535129729874,0.0,0.0,-0.0026901617926112092,-0.0676639305008645,0.0,0.008527896967055817,0.032121469760696034,0.0,0.01634252664855665,0.0,0.0,0.0,0.0751670906445876,1.5157735051302073,0.03066695270860599,0.0,-0.0,0.0,0.0,-0.0,-0.0,0.0,-0.0,-0.0,0.0,0.0,0.0,0.007400356956213841,0.01356235542065938,0.015477536151997082,-0.0,0.0,0.021691370469055157,0.0,0.0,-0.0,-0.0,-0.08045440898234263,0.0,0.0,-0.0,-0.0,0.0,-0.0,0.0,0.0,-0.0,-0.0,0.0,0.0,-0.0,-0.20057184877577416,0.0,0.0,-0.0,0.0,0.0,0.0,-0.0,-0.0,0.014551075273729806,-0.0,-0.15242739702315605,0.0,-0.036775890296204664,-0.1032199980876148,0.15137855591655397,0.0,-0.0,0.0,0.14154921389759006,-0.0,0.0,-0.0,-0.0,-0.0,-0.07557631931218242,-0.0,-0.10571871697602718,0.0,0.0,0.0,0.03328790111872407,-0.0,-0.08941396116760646,0.0,0.0,0.0,-0.1452852007074008,-0.10423612929360283,0.0,0.039139536941953476
1696853,0.0,-0.0,0.0,0.0,0.0,-0.0,0.0,-0.0,0.006076440846013692,-0.0,0.0,0.0,0.0,-0.0,0.0,-0.0,-0.0,-0.0041711864240630975,-0.0,-0.0,0.027887377675924307,0.0,0.030666952708605977,1.3184664806752484,-0.0,0.0,-0.026976914542044275,-0.0,0.013386371237807677,0.0,0.0,-0.0,-0.0,-0.020825219515602802,-0.0,-0.0,-0.0,-0.0,-0.0,0.0,-0.020636059570644863,-0.0,0.0,-0.0,0.0,0.0,0.03463190055641395,-0.0,-0.0852031592155849,0.0,-0.0,0.0,-0.0,-0.0,-0.058165206792913066,0.0,-0.0,0.023400942373637573,-0.0,0.0,0.0,-0.12375673313418538,-0.15638317071482355,0.0,-0.0,0.0,0.025543608207613228,0.0,0.0,-0.0,0.0204450840891566,0.0,0.0,0.0025714887939802325,0.0,-0.0,-0.0,-0.0,0.09757759651621738,-0.035280780744021356,-0.0,-0.0,-0.0,0.08208918998874341,0.02141372121068838,-0.0,0.0,0.0,0.0,-0.0,0.0,-0.07123829275526417,0.0,0.0,0.0,-0.0,-0.22301324908467035,0.0,0.0,0.0,-0.0
1951826,-0.0,-0.0,0.0,0.0,0.0,0.0,0.0,0.0,-0.0,0.0,0.0,0.0,0.0,0.0,-0.0,0.0,-0.0,-0.0,-0.7656717400530259,0.0,0.003690357972978321,0.0,0.0,-0.0,4.657586222108659,0.0,-0.0,-0.0,0.0,0.0,0.0,0.0,-0.0,-0.7485493602376356,-0.0,-0.0,0.0,0.0,0.0,0.10855501303766298,-1.1627390499816903,-0.0,0.01959820042449506,0.0,0.0,0.0,0.0,-0.0,-0.04613839198720661,0.0,-0.0,0.0,0.0,0.0,-0.0,0.016385300687389866,0.0,0.0,0.0,0.0,0.0,-0.0,-0.0,0.0,-0.0,0.0,-0.0,-0.0,0.0,-1.0268395595483386,0.0,0.0,-0.0,0.0,0.0,-0.26474107018119625,0.0,0.0,0.0,0.0,0.040417702139666514,0.0,0.0,0.0,0.0,0.0,0.0,-0.0,0.0,0.0,0.0,0.0,0.0,0.0,-0.0,-0.6546301657481592,-0.0,0.0,0.0,0.005343814213069141,0.0
2407149,0.0,0.0,0.0,0.0,0.009954315179285633,-0.0,-0.9288696569141461,0.0,0.0,0.0,0.0,0.0,-0.0,0.0,0.0,0.0,0.01440409069182945,0.0,0.0,0.0,-0.0,0.0,-0.0,0.0,0.0,1.7622593254204864,0.026685066118445885,0.021186584785923862,-0.0,0.0,0.01593147114125311,-0.0,0.0,0.0,0.0,-0.0,0.0,0.0,0.0,0.0,0.0,0.0,0.0,0.0,0.0,-0.0,-0.0,0.0,0.016427554403688177,-0.12443476824394968,0.0,-0.0,-0.016278066951489728,0.0,0.042280670637435305,-0.02427730290426304,-0.0,-0.0,-0.0,0.016052257975728304,0.0,0.0,0.0,-0.029992608017914923,0.0,-0.0,0.0,0.0,0.0,0.04232120207805794,0.0,-0.0,0.0,0.0,0.0,0.0,0.0,-0.0,-0.0,0.0,-0.0,0.0,-0.0,-0.0,0.0,-0.0,-0.0,0.0,-0.0,0.0,0.0,-0.0,-0.0,-0.0,-0.0,0.0,0.0,-0.17452418890171467,-0.0,0.0,0.0
2686384,0.0,-0.050634646844721146,-0.0,0.0,-0.0,-0.0,0.0,0.0,0.0,-0.03017956899495748,0.0,0.0,0.0,0.04047929602805388,-0.09854857685988754,0.0,-0.004445848111797393,-0.0,-0.0,-0.00622055123663301,0.06819671949393293,0.0,0.0,-0.026976914542044275,-0.0,0.026685066118445858,1.7539635243107627,-0.0,0.0,-0.06416866136642561,-0.020396772492757356,0.0,-0.0,-0.0,-0.0,-0.0,-0.0,-0.04036216539188532,-0.0,0.0073024045406225035,-0.0,-0.0,0.03794411429519699,-0.0,-0.0,0.0,0.04339466475438143,0.0,-0.48022874471682814,0.03887627092309988,-0.14030513279944468,0.0,0.0,0.0,-0.0,-0.0,0.019688001370517322,0.0,-0.0,-0.13766900447488495,0.0,-0.0,-0.0,0.0,-0.0,0.0,0.0,0.0,0.0,-0.0,0.0,0.0002423334014120121,-0.0,0.0,-0.06880777684203788,-0.05104880213903694,-0.0,0.0,0.04795676288501148,-0.0,0.0,0.0,-0.0,0.14799563938637694,0.0,0.0,-0.0,-0.0,0.002788251499526849,-0.020679192799570673,-0.37405277081566896,0.0,0.0,0.0,-0.0,-0.0,-0.0,0.06447679892508905,0.0,0.025914273882040997,-0.0
3128077,0.0,-0.016702851539760866,-0.0,0.0,-0.0,0.0,0.04353030370105772,-0.0,0.03214339436858675,-0.0,0.0,0.0,-0.0,-0.022252867590405193,-0.0,-0.0,-0.0,-0.03237753048453597,-0.0,-0.019144475129574415,-0.0,-0.0,0.0,-0.0,-0.0,0.021186584785923862,-0.0,1.1712240202875746,-0.0,-0.0,-0.0,0.0,-0.0,-0.007914577715726429,0.0,-0.0,0.0,0.0,-0.0,0.0,-0.0,-0.021072604518260138,0.0,-0.0,0.0,0.0,-0.00679589562516332,-0.0,-0.03521984815041897,0.0,-0.0,-0.0,-0.0,-0.04909597584771315,-0.0,0.0,0.0,0.0,0.0,-0.0,0.10124713974483134,0.0,-0.0,0.0,-0.0,0.0,0.09219240002464969,0.0,-0.0,-0.0,0.0,-0.0,-0.0,0.0,0.0,-0.0,-0.0,0.08686877685066784,0.0202336990393331,0.0,-0.0,-0.0,0.06123075739499027,0.0,0.061702466564095906,-0.0,0.0,0.025253324699273882,0.0640917733232685,0.026617371826511416,-0.0,0.006438121866394739,0.0,0.06403846775722909,0.0,-0.0,-0.0,0.04114440131243606,0.0,-0.0,-0.0022056683383721437
3472078,-0.0,0.0,0.0,-0.5505228876078092,0.0,-0.0,0.0,0.0,-0.0,-0.0,-0.060227599829859424,-0.0,-0.0,-0.0,0.0,0.0,0.0,0.0,0.0,0.0,-0.0,0.0,-0.0,0.013386371237807677,0.0,-0.0,0.0,-0.0,1.8395599735562496,0.0,0.0,0.0,0.0,0.0,-0.0,-0.38444183649602187,0.0,0.0,0.0,0.0,0.013823209444322297,0.0,-0.0,0.0,-0.0,-0.0,-0.4271255263014608,0.0,0.03893336951151459,0.0,0.0333164782485325,-0.019168557914129983,0.0,0.0,0.012124826873628564,0.0,0.022163066561405348,-0.019288037354652218,0.0,0.018279736247738487,0.0,0.06619400175942293,0.0,0.0,0.0,0.0,0.03303027306180001,-0.0,0.006286646705276316,0.0,0.0,-0.0,0.0,0.0,-0.0,0.04416354229256102,-0.0,0.0,-0.0,0.0,0.0,-0.0,0.0,-0.274958505302354,-0.02336815886331213,0.0,-0.0,0.0,0.0,0.03833061267057128,0.0,0.0,0.0,0.0,-0.0,0.0,0.0,0.0,-0.0,-0.0,0.0
3903651,-0.0,-0.0,-0.17154952772604737,0.0,-0.0,-0.0,0.0,0.0,0.008448877829695743,0.0,0.0,0.0,0.0,0.0,-0.1358453984059661,0.0893809187812482,-0.0,0.0,0.057837934449992745,-0.0,0.0,0.0,-0.0,0.0,0.0,0.0,-0.06416866136642564,-0.0,0.0,1.4351510942249202,-0.0,-0.0,-0.10606402683391315,0.0,0.0,0.0,0.0,-0.0,-0.0,0.0,0.0,0.0431977587195156,0.0,0.0,-0.08990424706516507,-0.0,0.0,0.013562281549829407,0.0,0.0,-0.08016465427570439,0.0,-0.0,-0.0,0.0,-0.0,0.022822360932947552,0.0,-0.060713242441773355,-0.15440027180799304,-0.0,0.0,0.10187601601679487,0.0,0.1777831959641023,0.0,0.0,0.0,0.0,-0.0,0.0,-0.0,0.0,0.0,-0.06379580584800174,0.0,0.040214992794011,0.0,0.0,0.0,-0.0,0.0050962086602562365,-0.009173941409465175,0.0,0.0,-0.154760304500273,-0.0,-0.0,0.0,0.0,-0.10350688135643359,-0.0,0.0,-0.0,0.0,0.0015938501373262623,0.060423439243950536,0.0,-0.0,0.0,0.0
3908639,0.0,-0.0,-0.0,-0.0,0.0,0.015078106033342406,0.0,0.0,0.0,0.0,0.0,0.0,0.0,0.0,0.0,0.0,-0.0,-0.0,-0.0,-0.04444008512607954,0.0,0.0,0.0,0.0,0.0,0.015931471141253123,-0.020396772492757342,-0.0,0.0,-0.0,2.0088757121411263,0.035101754662846166,0.0,0.0,-0.0,-0.0,-0.0,-0.0,-0.14769847706879724,0.0,-0.0,-0.17571253192875158,-0.0,-0.0,0.0,0.0,0.040097343135069116,-0.2361261720724605,-0.10291132812526259,0.0,-0.0,0.0,0.014140080850895326,0.0,-0.0,0.0,0.0,0.0,-0.0,0.0,0.0,0.0,0.0,0.0,-0.0,0.0,0.03929539076441792,0.0,0.0,0.0,0.0,0.03098894679552619,-0.0,0.0,0.0,-0.0,-0.7531394531817664,0.0,0.0,-0.07717515492300613,0.0,-0.0,0.0,0.0,0.0,0.0,0.0,0.0,0.0,-0.04504865764329109,-0.0,0.0,0.0,0.1496122910718472,0.0,0.0,-0.0,0.0873955231348467,0.00020038239117557005,0.006987778951241107,-0.0
3931537,0.0,0.026305893786318785,0.0,0.0,0.0,-0.0,-0.06442926462619222,-0.0,0.0,-0.0,0.0,0.0,-0.0,0.0,0.0,0.08750532666804152,0.0,0.0,0.0,0.0,0.0,0.0,-0.0,-0.0,0.0,-0.0,0.0,0.0,0.0,-0.0,0.035101754662846166,1.3694330922967994,0.0,0.0,0.0,0.0,0.0,0.0,0.0,0.0,0.0,0.0,0.0,0.037077524537887055,-0.0,0.0,0.0,0.03106225153267754,0.0,-0.15865634843347548,0.0,0.0,-0.0,-0.0,0.0,-0.025887116184049944,-0.0,0.0,-0.0,0.0,-0.0,0.0,0.0,-0.0,0.0,-0.0,0.0,0.0,-0.0,0.0,-0.0,-0.0,0.0,-0.0,-0.0,0.03822453887687789,0.0,-0.11895762165160163,0.0,0.0,-0.0,0.0,-0.16454557774722312,0.0,0.0310905335462658,-0.012687991751090984,0.0,-0.0,-0.20172197071005926,0.009786802267978116,0.0,-0.0,-0.0,-0.06466761823160419,0.0,0.0,0.0,-0.019408256387684536,-0.058048498544756244,-0.005847594305618493,0.021403528895468385
4052330,0.0,-0.003097061957903116,-0.0,0.0,-0.0638636296995944,0.0,0.0,-0.0,0.05570419972655803,-0.0,0.0,0.0,0.0,-0.0,-0.15985241871279054,0.0,-0.019159868157168566,-0.0,-0.0,0.0,0.0,0.0,-0.0,-0.0,-0.0,0.0,-0.0,-0.0,0.0,-0.10606402683391312,0.0,0.0,1.242119620881987,-0.0,0.0,0.007350590754604418,0.0,-0.0,-0.0,0.08574911496374414,-0.0,0.0,0.12622551534481852,0.0,-0.21325637571141048,0.0,0.0,-0.0,-0.0,0.0,-0.0,0.00937620357426732,-0.0,-0.0,0.0,0.0,0.0,0.0,0.0,-0.0972549708920616,-0.0,-0.0,-0.0,0.0,0.0,-0.0,0.0,0.0,-0.0,-0.0,0.0,0.0,-0.0,0.0,-0.0,0.0,0.0,0.002490651225192632,0.023470756650745453,0.0,0.0,-0.0,-0.0,0.0,0.0,-0.12303319040494991,-0.0,-0.0,0.0,0.0,-0.0,-0.0,0.0,0.0,0.0,-0.0,0.0,0.0,0.01325447750952398,0.0,0.0
4111715,-0.0,-0.0,0.0,0.0,0.0,0.0,0.0,0.0,-0.0,0.0,0.0,-0.0,0.0,0.0,-0.0,0.0,-0.0,-0.0,-0.9004119741282806,0.0,0.0,0.0,0.0,-0.020825219515602802,-0.7485493602376355,0.0,-0.0,-0.007914577715726429,0.0,0.0,0.0,0.0,-0.0,3.6291354598323653,-0.0,-0.0,0.0,0.0,0.0,0.0,-0.4788908151176801,-0.0,0.0,0.0,0.0,0.025584609323808655,0.0,-0.0,-0.0,0.0,0.0,0.0,0.0,-0.0,-0.0,0.0,0.0,0.0,0.0,0.04968319548935958,0.0,-0.0,-0.0,0.0,-0.0,0.0,-0.0,-0.0,0.0,-0.2720797505811693,0.0,0.0,0.0,0.0,0.0,-0.19901173281078222,0.0,0.0,0.0,0.0,0.0,0.0,0.0,0.0,0.0,0.0,0.0,-0.0,0.0,0.0,0.0,0.0,0.0,0.014738424380314481,-0.0,-0.7994050978360552,-0.0,0.0,0.004677478732903216,0.0,-0.0
4232045,0.0,0.0,0.0,-0.5951508227981414,0.0,-0.0,0.0,0.0,0.0,0.0,-0.0,-0.025840216947299086,-0.0,0.06048903534608084,-0.0,0.0,-0.0,-0.0,0.0,0.0,0.004279137508758635,0.0,0.0,-0.0,-0.0,0.0,-0.0,0.0,-0.0,0.0,-0.0,0.0,0.0,-0.0,1.7235051669256736,-0.0,-0.0,0.0,0.0,0.0060962942262814054,-0.0,-0.0,0.0,0.0,-0.0,0.0,0.0,-0.0,-0.0,0.0014505088014552178,0.0,0.0,0.0,0.0,0.0,0.0,0.0,0.005485283504059461,0.02598295158071867,-0.0,-0.02069647379396733,0.0,-0.0,0.0,-0.0,0.020048236057277,0.0,0.0,0.03652588164396724,0.0,0.022271396318978454,0.0,-0.0,0.0,-0.0,0.0,-0.0,-0.0,-0.12566699471422904,0.0,0.008876413017275979,-0.0,0.0,0.0,-0.6004348994132159,-0.0,-0.0,-0.0,0.057006895023384976,-0.0,0.0,0.0,-0.0,0.0,0.0,-0.0,-0.0,0.0,0.0,-0.0,-0.0
4278525,0.010910767104023701,-0.0,0.0,-0.0,0.0,0.0,0.0,0.0,-0.11849700306985793,-0.0,-0.0,0.0,0.0,0.0,0.03545767270543322,-0.0,0.0,-0.0,-0.0,-0.0,0.0,0.0,0.0,-0.0,-0.0,-0.0,-0.0,-0.0,-0.38444183649602187,0.0,-0.0,0.0,0.007350590754604425,-0.0,-0.0,1.7521089690966134,0.0,0.0,-0.0,0.0,-0.0,-0.0,0.0,0.0,0.0,0.0,-0.0,-0.0,-0.0,0.0,0.0,-0.5510659973815161,0.0,0.0,0.0,0.00609568585042488,0.0032104838019235346,0.0,0.0522785947079078,0.01705919227269275,0.011429368754379783,0.0,0.0,0.0,-0.0,0.0,0.0,-0.1830439705864102,0.0,0.0,-0.0,0.0,-0.0,0.0885611259751121,0.0,0.0,-0.032723708053413306,0.0,0.0,-0.0,0.0,-0.029274911896228425,0.0,-0.31009039809653033,0.0,0.0,-0.0,0.040221402492592456,0.0,0.0,0.0,0.0,0.0,0.030830259507335173,0.0,-0.0,-0.0,0.0,0.0,0.17798887468691982,-0.0
4328910,0.08231696760612768,-0.022109450115122983,-0.0,0.0,0.0,0.0,0.0,-0.0,0.0,0.0,-0.0,0.0,0.0,0.0,-0.0,-0.0,-0.0,-0.0,-0.0,0.0,-0.0,-0.0,0.007400356956213848,-0.0,0.0,0.0,-0.0,0.0,0.0,0.0,-0.0,0.0,0.0,0.0,-0.0,0.0,1.5330541560044026,-0.027814213056742587,-0.0,-0.0,0.0,-0.0,0.0,-0.0,0.0,0.0,0.0,0.0,-0.0,0.0,-0.0,0.0,0.0,-0.0,-0.0,0.0,-0.0,0.0,-0.0,-0.0,0.0,-0.0,-0.0,0.0,-0.0,-0.0,0.0,0.0,0.0,-0.0,0.0,0.05873749878383014,0.0,0.0,0.0,-0.0,0.0,0.0,0.0,-0.28870688365392666,0.0,0.052868691301554735,0.0,0.006890041240410483,-0.0,0.0,-0.0,0.030518931390143583,0.0,-0.636091159475535,-0.013263843537746858,-0.10107024669998267,0.05093249543242022,0.04213727400489625,0.0,-0.0,-0.0,0.0,0.0,0.0,-0.0
4335781,0.0,-0.04735517812854738,-0.0,0.00958979619214987,0.0,0.0,0.0,0.0,0.0,0.0,0.0,0.00048175368705759974,0.011050824244723041,0.0,-0.0,-0.22644775991731625,0.0,-0.035488133819321116,0.0,0.0,-0.0,-0.0,0.013562355420659394,-0.0,0.0,0.0,-0.040362165391885294,0.0,0.0,-0.0,-0.0,0.0,-0.0,0.0,0.0,0.0,-0.0278142130567426,1.33710070940542,-0.0,-0.0,0.0,-0.0,0.0,-0.0,0.030667676811106936,0.11940943509439507,0.0,0.0,-0.0,0.0,-0.0,0.0,0.03656352174416565,0.0,-0.0,0.0,0.0,-0.0,-0.0,-0.0,0.09906073458799418,-0.0,-0.0,0.03818309886219293,-0.0,0.0,0.0,0.0,0.0,-0.0,0.0,0.0,-0.0,0.02363474354925975,0.0,-0.037890825867246944,0.0,0.0,0.012238762086468645,-0.10594915107958876,-0.0,0.0,-0.0,0.0,0.005306876195995881,0.0876478548475041,0.03878331668165627,0.004179116192820485,0.0,-0.13198662527740268,-0.04760384250495171,0.0,0.0,0.0,-0.008014468231381529,0.0,-0.0,0.0,0.0,0.0,-0.1581232499165256
4344883,0.0,-0.19015036879056285,-0.0,0.0,0.0,0.0,0.0,-0.007745238371458726,0.0,0.0,0.0,0.0,0.040115340526418644,0.0,-0.0,0.0,-0.17688855628989408,-0.4469780185184509,-0.0,-0.19191394190267974,0.0,0.0,0.01547753615199713,-0.0,0.0,0.0,-0.0,-0.0,0.0,-0.0,-0.14769847706879724,0.0,-0.0,0.0,0.0,-0.0,-0.0,-0.0,1.7574853414350096,0.0,0.0,-0.07861255621861106,0.0,-0.0,0.0,0.0,0.0,-0.0,-0.0,0.0,-0.0,0.0,0.0,0.0,-0.0,0.0,0.0,0.0,-0.11355590088719485,-0.0,0.0014145936035693946,-0.0,-0.0,0.0,-0.13084531943450362,-0.05872376205817932,0.020899899180312667,0.0,0.0,-0.0,0.04576242037271054,0.0,-0.0,0.0,0.0,-0.0,-0.0,0.0,0.05093239786325844,-0.0,0.0,-0.0,0.01588131672873136,0.07111794170591211,0.0,0.0,0.015694514851101404,0.06209117508943142,0.0,-0.10321563038263486,-0.0,-0.0,0.0,0.0,0.0,0.0,0.0,0.06500844623522482,0.0,0.07794556494185893,0.0
4347159,0.0,-0.0,-0.0,0.0,-0.0,-0.0,0.0,-0.0,0.0,-0.0,0.0063561410349935316,0.0,0.0,-0.0,0.07653011913584348,-0.34184186886009293,0.0,0.0,0.0,-0.0,-0.0,0.0,-0.0,0.0,0.108555013037663,0.0,0.007302404540622524,0.0,0.0,0.0,0.0,0.0,0.08574911496374414,0.0,0.006096294226281412,0.0,-0.0,-0.0,0.0,2.885174338371052,0.07180433252141902,0.0,-0.0,-1.8658253459524194,0.013384292516949156,-0.0,0.0,0.09667529765945125,0.08332177921903168,0.0,-0.0,-0.0,0.0,-0.0483527284007776,-0.28748917385110645,0.0,-0.025060031573245004,-0.0,-0.0,-0.0,0.0,0.0,-0.0,0.0,0.10078674097751313,0.0,0.0,0.0,0.051150820113358794,0.0,0.0,0.0,0.0,0.0,-0.0,-0.0,0.0,0.0,0.0,-0.0,-0.0,0.038598308211275814,0.0,0.0,0.0,0.0,0.0,0.0,0.0,-0.0,-0.0,0.0,0.0,-0.0,-0.0,0.0,0.0,0.0,-0.0,-0.0,0.0
4354477,-0.0,-0.0,0.05526593284526793,0.0,0.0,0.0,0.0,0.0,-0.0,-0.0,0.0,-0.0,0.0,0.0,0.0,0.0,-0.0,-0.0,-0.8520858993378969,0.0,0.08346504014685442,0.0,0.0,-0.020636059570644835,-1.1627390499816903,0.0,-0.0,-0.0,0.013823209444322304,0.0,-0.0,0.0,-0.0,-0.4788908151176801,-0.0,-0.0,0.0,0.0,0.0,0.071804332521419,4.102320552132911,-0.0,0.0,0.0,0.0,0.0,0.0,-0.0,-0.0678703705144041,0.0,0.0,0.0,0.0,0.0,-0.0,0.0,0.0,0.0,0.07802640264666223,0.0,0.0,-0.0,-0.0,0.0,-0.0,0.0,-0.0,0.0,0.0,-0.10284471846688097,0.0,0.0,0.0,0.0,0.0,-0.0,0.0,0.0,0.0,0.0,0.0,0.0,0.02554608189340908,0.0,0.0,0.0,0.0,-0.0,0.0,0.0,0.0,0.0,0.0,0.0,-0.0,-1.21341151914465,-0.0,0.0,0.0,0.0,-0.0
4359590,0.0,-0.0,0.031714958214170044,0.0,0.05370695083012962,0.0,0.0,-0.0,0.0,0.0,-0.0,-0.0,0.0,-0.0,0.0,-0.0,-0.0,-0.06160189009254906,-0.1460989120483629,-0.052035853360495196,0.0,-0.0,0.021691370469055157,-0.0,-0.0,0.0,-0.0,-0.021072604518260138,0.0,0.043197758719515686,-0.17571253192875158,0.0,0.0,-0.0,-0.0,-0.0,-0.0,-0.0,-0.07861255621861109,0.0,-0.0,1.7019760665886512,-0.0,-0.0,0.0,0.07769618291239488,0.0,-0.13267127819742552,-0.0,0.0,-0.0,0.0,0.0,0.0,-0.06508533136635662,0.01601731641422957,-0.0,0.0,0.0,0.0,0.0029033545263824137,-0.003965987230312842,-0.057570704517518584,0.0,-0.18476202470775538,-0.0,0.0,-0.0,0.0,0.0,0.0,0.0,-0.0,0.0,0.039910678127755686,-0.0,-0.14831324131015555,0.0,0.0,-0.0,0.0,-0.0,0.11681278689925918,0.10961144007729577,0.0,0.07545847953551667,0.0,0.0,0.0,-0.1045088834216734,0.0,0.0,0.0,0.018992361866084856,0.0,-0.0,-0.08407613150514447,0.045659403417465466,0.0,0.0,-0.0
4365130,-0.08366348152387566,0.0,0.0,-0.04294600480908116,0.0,0.0,0.04755373526956326,0.0,-0.007911725693307052,0.04989061392561163,-0.0,0.0011745289462816652,-0.41445442691707746,0.0,0.0350387848561733,-0.0,0.041749958820254576,0.0,0.0,0.0,-0.032707489848136664,-0.0665450435135518,0.0,0.0,0.019598200424495074,0.0,0.03794411429519699,0.0,-0.0,0.0,-0.0,0.0,0.12622551534481852,0.0,0.0,0.0,0.0,0.0,0.0,-0.0,0.0,-0.0,1.4192452474247712,0.0,0.0,0.0,0.0,-0.0,0.0,0.0,0.0,0.0,0.010632387873938179,0.0,-0.0,0.0,0.01645268237047849,-0.0,0.03772267328369955,0.02256457138345906,-0.0,0.0,0.0,0.0,0.0,0.0,-0.13464590036653745,-0.018684235041259274,-0.0,0.0,-0.19985952669075202,-0.0,-0.0,-0.0565109552975272,0.0,0.0,-0.0,0.0,-0.0,0.0,0.0,-0.0,0.0,-0.0,-0.004115831306898292,0.0,0.0,0.0,-0.0,0.0,0.0,0.02103947749129291,0.0,0.0,-0.0,0.0,0.0,0.0,0.0,-0.0894187220932215,-0.0
4376828,0.0,-0.004549047578358736,-0.0,0.0,-0.0,-0.0,0.0,0.0,0.0,-0.0,0.015678015468344603,0.0,0.0,-0.0,0.0,-0.40277684823497123,-0.0,0.0,0.0,-0.0,0.0,0.0,0.0,-0.0,0.0,0.0,-0.0,-0.0,0.0,0.0,-0.0,0.03707752453788707,0.0,0.0,0.0,0.0,-0.0,-0.0,-0.0,-1.8658253459524194,0.0,-0.0,0.0,3.9487477357727316,0.0,0.0,0.0,0.0,-0.0,0.0,-0.07697228954492412,-0.0,0.0,-0.0,-1.4756365546681256,0.0,-0.0,0.0,0.0,0.0,0.0,0.0,-0.0,0.036595308675439406,0.0,0.0,0.0,0.0,0.0,0.0,0.0,0.0,-0.0,0.007933619403989164,-0.0,-0.05608229880235778,-0.0,0.0,0.0,-0.0,-0.0,0.0,0.0,0.0,0.0,0.0,0.0,0.0,0.0,-0.15272152328539718,-0.0,0.0,0.03638647794660203,0.0,-0.0,0.0,-0.0,0.0,0.0,0.0,-0.0
4378683,-0.0,0.0,-0.10361826058004013,0.0,-0.07686858532913075,0.0,0.0,0.0,-0.0,-0.0,-0.0,0.0,0.0,0.0,-0.0,0.0,0.0,0.0434394532748137,0.0,0.0,0.0,0.0,-0.0,0.0,0.0,0.0,-0.0,0.0,-0.0,-0.08990424706516505,0.0,-0.0,-0.21325637571141048,0.0,-0.0,0.0,0.0,0.030667676811106895,0.0,0.013384292516949142,0.0,0.0,0.0,0.0,1.3455974534202821,-0.0,-0.0,0.0,-0.0,0.022741006442257697,0.0,0.0,-0.0,-0.02894158366853504,0.0,0.013971147492400998,0.0,0.0,-0.0,-0.07728908621369952,-0.24144991021039058,0.0,0.0007585499081473671,0.0,0.0,0.0,-0.0,-0.0,0.0,0.0,0.0,0.0,0.0,0.0,-0.05664375079235552,0.0,0.0,0.09267034093961883,0.0,0.0,-0.0,0.0,-0.0,-0.0,0.0,-0.26151828451361464,-0.1389130430514991,-0.0,-0.0,0.0,-0.0,-0.0,0.0,-0.0,0.0,0.0,0.0,0.0,0.0,0.01270406899695288,0.0
4381430,0.1002585973293711,0.06262728834106,0.0,0.0,-0.1453920909937622,-0.5686964127463574,-0.0,-0.0,0.0,-0.7341339662331781,0.0,-0.0,-0.0,-0.0,0.00934153003665221,0.0,0.017764790631293714,0.08165020383701328,0.0,0.0,-0.0,-0.0,-0.0,0.0,0.0,-0.0,0.0,0.0,-0.0,-0.0,0.0,0.0,0.0,0.025584609323808655,0.0,0.0,0.0,0.11940943509439507,0.0,-0.0,0.0,0.07769618291239486,0.0,0.0,-0.0,2.278186620128955,-0.0,0.0,0.17034057992975737,-0.0,0.0,-0.0,-0.0,-0.19792226815031794,0.0,-0.0,-0.0,-0.0,-0.0,-0.0,0.0,0.0,0.0,-0.03035407089685753,0.0,-0.0,0.0,0.0,0.0,0.0,0.0,0.0,0.11348866828429104,0.0,0.007379873992785439,0.03653795245867121,0.0,-0.0,-0.0,0.0,-0.0,0.0,-0.07401749276746965,-0.0,0.0,-0.0,-0.0,0.0,-0.0,0.12126452995827088,0.0,-0.0,-0.0,-0.1427913366867778,-0.0,0.03059531885462384,0.0,-0.0,-0.03717391957645902,0.0,0.0
4381553,-0.0,0.0,0.0,0.1747358953170785,-0.0,0.0,-0.0,0.03062993434366469,0.0,0.0,-0.3830014814165958,0.0,-0.0,-0.0012604744303673712,0.0,0.0,0.014787057254267863,0.01191304210104506,0.0,0.0,-0.0,-0.0,-0.0804544089823426,0.03463190055641398,0.0,-0.0,0.04339466475438143,-0.006795895625163348,-0.42712552630146083,0.0,0.040097343135069116,0.0,0.0,0.0,0.0,-0.0,0.0,0.0,0.0,0.0,0.0,0.0,0.0,0.0,-0.0,-0.0,1.436930893574124,0.0,0.0,-0.0,0.0,-0.0,0.0,0.0,0.0,0.0,0.0,-0.0,0.0,0.0,-0.02769148429499234,0.0,0.0,0.0,0.0,0.0,-0.0,-0.0,0.0,0.0,-0.0,-0.0,0.0,0.0,-0.0,0.0,0.0,0.0,-0.0,0.0989069645860642,0.0,0.0,0.008618878493936208,-0.1354023389958358,-0.0,0.0,0.0,0.0,0.0,0.0,0.0,0.023864196171785465,-0.0,0.0,0.0,0.0,0.0,0.0,0.0,-0.01526162955363735,0.0
4384058,0.0,-0.0,0.0,0.0,0.0,0.0,0.0,0.0,0.0,0.0,0.0,0.0,0.0,0.0,0.0,0.0,-0.0,-0.0,-0.22850640882150736,-0.21949297011671975,0.10044304115387422,0.0,0.0,-0.0,-0.0,0.0,0.0,-0.0,0.0,0.013562281549829407,-0.2361261720724605,0.031062251532677554,-0.0,-0.0,-0.0,-0.0,0.0,0.0,-0.0,0.09667529765945125,-0.0,-0.13267127819742558,-0.0,0.0,0.0,0.0,0.0,2.5972846963588094,-0.0306012624015181,0.0,0.0,0.0,0.05512834270373866,0.01351557822609191,-0.0,0.02639277059341487,-0.0,0.018364902071467334,0.0,0.03223339012059627,0.0,-0.0,-0.0,0.0,-0.10194824028432221,0.0,0.0,0.0,0.0,0.0,0.0,0.0,-0.2271706446337678,0.0,0.0,0.0,-0.8045397927901358,0.0,0.0,-0.0,0.013959827753894295,-0.4917097590607394,0.0,0.0,0.0,0.0,0.005073682961542321,0.0,0.0,-0.0,0.0,0.0,0.0,0.0,0.0,-0.0,-0.0,0.0,0.04760092451227406,0.0,-0.0
4388174,0.0,-0.04075091781537747,-0.0,0.0,0.0,0.015494221068972476,0.0,0.0,0.0,0.0,0.0,0.0,0.0,0.0,-0.0324410708629356,0.0,-0.17758631054671553,-0.0,-0.001237392055829921,-0.04904363496203533,0.02451130130889731,0.0,0.0,-0.0852031592155849,-0.04613839198720661,0.016427554403688156,-0.480228744716828,-0.03521984815041897,0.03893336951151459,0.0,-0.10291132812526256,0.0,-0.0,-0.0,-0.0,-0.0,-0.0,-0.0,-0.0,0.08332177921903168,-0.06787037051440413,-0.0,0.0,-0.0,-0.0,0.17034057992975737,0.0,-0.030601262401518073,1.9839044515297788,0.0,-0.0,-0.0,0.0,0.0,-0.0,0.023945415523404165,0.0,0.06144055387132062,0.0,-0.0,0.0,0.0,-0.0,0.0,-0.0,0.0,0.07219451066278217,0.0,0.0,-0.0,0.0,0.028347399909062945,-0.0,0.0,-0.0,-0.0,-0.0,0.0,0.0,-0.0,0.006595669435917738,-0.0,0.03135219359767302,-0.0,0.0,-0.0,-0.0,0.0,0.0002027759674210275,-0.0,-0.6547805574062904,0.0,0.0,0.048210248588548624,0.0,-0.04128090758780202,-0.0,0.0,0.025472972823366594,0.0,-0.04354805563750387
4392188,0.0,0.0,0.04725317816458445,0.0,0.0,-0.0,-0.12297563295473458,-0.012576486272909068,0.08903868374106029,0.0,0.0,0.0,0.0,-0.0,0.0,0.0,0.0,0.0,0.0,0.0,-0.0,0.0,-0.0,0.0,0.0,-0.12443476824394968,0.03887627092309988,0.0,0.0,0.0,0.0,-0.15865634843347548,0.0,0.0,0.001450508801455204,0.0,0.0,0.0,0.0,0.0,0.0,0.0,0.0,0.0,0.022741006442257725,-0.0,-0.0,0.0,0.0,1.7485465505826991,0.04797867468303729,0.0,-0.005573034916044765,-0.0,0.004894637882885501,-0.0,-0.0,0.0,-0.0,0.027677108385652724,0.0,0.0,0.0,-0.10656377612281494,0.0,-0.011219200238571397,0.0,0.0,0.0,0.0,0.0,-0.036702640911782616,0.0,-0.0,0.026126858077643658,0.0,0.0,-0.45684628691407764,0.0,0.0,-0.1685654915151109,0.0,-0.0,-0.0028157023241072165,0.0,0.0,-0.0,0.0,-0.0,0.0,0.0,-0.0,-0.0721868919431536,-0.0,0.0,0.0,0.0,-0.2856661322455008,-0.17577250502385933,-0.0,0.0
4393532,0.0,0.0,-0.0,0.014772412792447447,-0.054883484337506686,-0.0,0.03823537376532381,0.0,0.0,-0.0,0.0,0.010921737672355512,0.0,-0.0,-0.0701602388713234,-0.0,-0.061985750342986826,-0.0,0.0,-0.002613109912313505,0.0,0.0,-0.0,-0.0,-0.0,0.0,-0.14030513279944468,-0.0,0.0333164782485325,-0.08016465427570442,-0.0,0.0,-0.0,0.0,0.0,0.0,-0.0,-0.0,-0.0,-0.0,0.0,-0.0,0.0,-0.07697228954492413,0.0,0.0,0.0,0.0,-0.0,0.047978674683037265,1.270154452236898,0.0,0.0,-0.0,-0.07336469475664495,0.0,0.0,-0.0,-0.0,-0.0,-0.0,0.0,0.0,0.09545383812197485,0.0,0.0,0.0,0.0,0.0,-0.0,0.0,0.0,-0.0,0.1277194526735655,-0.16838617887402546,-0.0,0.0,0.0,0.08626913025985448,0.0,-0.0,0.0,-0.0,0.016494003494577712,0.0,-0.03996021975812178,0.0,-0.0,0.0,-0.0,-0.0822577289062376,0.018170354713050833,0.0,0.0,-0.0,0.0,0.01565988294302985,0.0,0.0,0.002008405623148281,-0.0
4401580,0.0,0.0,-0.0,0.0,0.0,0.0,0.0,0.0,-0.10103807639743013,0.0,0.0,0.0,0.0,-0.0,0.0009501765712326138,-0.003915303778572715,0.0,0.0,0.0,0.0,-0.06568375158579531,-0.0,0.0,0.0,0.0,-0.0,0.0,-0.0,-0.01916855791413001,0.0,0.0,0.0,0.009376203574267307,0.0,0.0,-0.5510659973815158,0.0,0.0,0.0,-0.0,0.0,0.0,0.0,-0.0,0.0,-0.0,-0.0,0.0,-0.0,0.0,0.0,2.4914913175946403,0.0,-0.0,0.0,0.0,0.04005284724490278,-0.43194230509355486,0.0,0.0,0.010524918693503076,0.0,0.0,0.0,0.0,0.0,0.0,-0.0,-0.0,0.0,-0.06554950060096515,-0.0,0.0,0.034707405849071116,0.0,0.0,0.0,0.11843796672630784,-0.03276541531746198,0.0,0.0,0.0,0.0,-1.1746138375581883,0.0,0.0,-0.0,0.061256141127024,0.0,0.0,-0.0,0.0,0.0,0.0,-0.1978949514488999,0.0,0.0,0.0,0.0,0.0,-0.0
4409730,0.0,0.0,0.0,0.0,0.0,-0.0,-0.0,-0.0,0.0,0.0,-0.0,-0.0,-0.0,0.0,-0.025499310918987148,0.11961485633636369,0.0,0.0,0.026553098635131236,0.0,0.0,0.0,-0.0,-0.0,0.0,-0.016278066951489714,0.0,-0.0,0.0,-0.0,0.014140080850895319,-0.0,-0.0,0.0,0.0,0.0,0.0,0.036563521744165633,0.0,0.0,0.0,0.0,0.010632387873938193,0.0,-0.0,-0.0,0.0,0.055128342703738634,0.0,-0.005573034916044758,0.0,0.0,1.2168747698975748,-0.012048157027753213,0.025796439148703054,-0.0,-0.0,0.0,-0.05827074723043295,-0.0617765897102797,-0.0,-0.0,0.0,-0.09670153869966071,0.0,-0.27351627024605657,-0.0,0.0,-0.0,0.0,0.0,-0.0,0.0,0.0,0.0,0.0,0.06839336341830286,-0.0,0.0,0.0,-0.04726419687824379,0.0,-0.0,0.0,-0.0,-0.0,-0.03345892403466488,0.0,-0.0,0.0,0.0,-0.01459804898598168,-0.0,-0.0,0.036008977663027825,0.0,0.0,-0.05661516210177739,-0.014045457848352032,-0.0,0.07575751506864516
4411295,0.05967401455279271,-0.0,-0.08263851090745865,0.07917893540013272,-0.0,-0.0,0.0,-0.026981290131653665,0.0,-0.10053252053680685,0.0,0.009449098752723234,-0.0,0.0,-0.0,-0.0,0.0,0.0,0.0,0.0,-0.05992307564988823,-0.0,0.0,-0.0,0.0,0.0,0.0,-0.04909597584771315,0.0,-0.0,0.0,-0.0,-0.0,-0.0,0.0,0.0,-0.0,0.0,0.0,-0.048352728400777575,0.0,0.0,0.0,-0.0,-0.028941583668535067,-0.19792226815031788,0.0,0.01351557822609191,0.0,-0.0,-0.0,-0.0,-0.0120481570277532,1.2070524755544616,0.0,0.0898993990256028,-0.0,0.0,-0.021272614722310082,-0.10684595979991872,0.06692982287508902,0.0,0.0,0.0,0.0,-0.0025454453141941294,0.04816457692246849,0.04872349238804548,0.009339861888342765,-0.0,0.0,0.0,0.0,0.052680909108177895,0.0,-0.0,0.0,0.14023445248930883,-0.0,-0.0,-0.0,0.031380075308601,-0.0,-0.0,0.01811533596476695,-0.022881284781123376,-0.0,0.0,-0.0,0.0,-0.0,-0.0794987764973988,0.0,-0.0,0.0,0.0,0.0,0.0,0.0,0.0,0.0
4413347,-0.0,-0.0,-0.0,0.0,-0.0,0.0,0.0,0.0,0.0,-0.0,0.0,0.0,0.0,-0.17218443971873604,0.020174814308966477,-0.5567546678771234,-0.0,-0.0,-0.0,-0.0,0.187148389730107,0.0,0.0,-0.058165206792913066,-0.0,0.04228067063743535,-0.0,-0.0,0.01212482687362855,0.0,-0.0,0.0,0.0,-0.0,0.0,0.0,-0.0,-0.0,-0.0,-0.28748917385110656,-0.0,-0.06508533136635662,-0.0,-1.4756365546681254,0.0,0.0,0.0,-0.0,-0.0,0.004894637882885501,-0.07336469475664496,0.0,0.025796439148703054,0.0,2.889634839475431,0.022838723702393246,-0.0,0.0,0.0,0.0,0.0,-0.0,-0.2171363042926382,0.053799222937952126,-0.0,0.06091189641485541,0.0,0.0,0.0,-0.0,0.0,0.0,-0.0,0.0,-0.0,-0.09883758717968853,-0.0,0.0,0.0,-0.0,0.0,-0.0,0.05967976141867615,0.0,0.0,0.08604605929337418,0.0,0.0,0.0,-0.007466818160515518,-0.0,0.03965878395100672,0.0,0.04708546125615233,-0.0,-0.0,-0.010406937837025745,0.0,0.04707928147534246,-0.0,-0.0
4416570,-0.0,0.005840624365397798,0.0,0.0,0.0,-0.019617076607142125,-0.0,0.0,0.0,-0.0,0.0,-0.0,0.0,-0.0,0.0,0.0268659769341814,0.0,0.0,0.06905123231781947,0.0,0.0,0.0,-0.0,0.0,0.016385300687389866,-0.024277302904263026,-0.0,0.0,0.0,-0.0,0.0,-0.02588711618405,0.0,0.0,0.0,0.006095685850424873,0.0,0.0,0.0,0.0,0.0,0.016017316414229557,0.0,0.0,0.013971147492400991,-0.0,0.0,0.02639277059341487,0.023945415523404165,-0.0,0.0,0.0,-0.0,0.0898993990256028,0.022838723702393232,1.4010020889936163,0.0,-0.09660239419787785,-0.0,0.0,-0.0,0.0,0.0,-0.12348968999722383,0.0,0.0,0.0,0.0,-0.0,0.0,-0.0,-0.0,0.044102814993439085,-0.0,0.0,0.0,0.0,-0.19545106161608994,0.0,0.03513094908584845,-0.02521795690128152,0.0,-0.12408129630666605,0.0,0.0,0.0,0.0,-0.0,-0.0,-0.0,0.0,0.0,-0.047414596571847115,-0.11192408612028114,-0.0,0.0,0.0,-0.09753137195394239,-0.08399291208535926,-0.05471894623392595,0.0
4425214,0.022271249410098032,0.0,0.0,0.0,-0.0,-0.0,-0.0023476080355814485,-0.0,0.0,-0.0,0.0,0.0,0.025398334491386426,-0.0,0.0,0.0,0.0,0.0,0.0,-0.0,0.0,0.0,-0.0,-0.0,0.0,-0.0,0.019688001370517336,0.0,0.022163066561405348,0.022822360932947566,0.0,-0.0,0.0,0.0,0.0,0.0032104838019235485,-0.0,0.0,0.0,-0.025060031573245017,0.0,-0.0,0.0164526823704785,-0.0,0.0,-0.0,0.0,-0.0,0.0,-0.0,0.0,0.04005284724490278,-0.0,-0.0,-0.0,0.0,1.1293709652471156,0.0,-0.0,-0.0,0.0,-0.2004027081621042,-0.0,-0.0,-0.0,-0.02493400422957641,0.0,0.0,0.0,0.0004431212994454939,0.0,0.0,0.0,0.0,0.0013780114927492981,0.0,0.0,0.0,0.0,-0.0563715339287502,0.0,0.0,-0.0,0.03587750829335509,0.0,0.0,0.07355879328194881,0.0,-0.0,-0.0,0.0,-0.02127488639634366,0.0,-0.0,0.0,0.0,-0.14075862928614574,-0.0,-0.0,-0.0,0.0
4433823,0.0,0.0,-0.0,0.0,-0.0,0.0,0.0,0.0,-0.03703450503565747,0.0,0.0,-0.0,-0.0,-0.0,0.005878423895185635,-0.0,0.0,0.0,0.0,0.0,-0.0,-0.0,0.0,0.023400942373637587,0.0,-0.0,0.0,0.0,-0.019288037354652204,0.0,0.0,0.0,0.0,0.0,0.005485283504059468,0.0,0.0,-0.0,0.0,-0.0,0.0,0.0,-0.0,0.0,0.0,-0.0,-0.0,0.018364902071467334,0.06144055387132062,0.0,-0.0,-0.43194230509355486,0.0,0.0,0.0,-0.09660239419787785,0.0,3.894465713621828,0.0,0.0,0.0,0.0010496475198163366,0.0,0.0,0.0,0.0,0.0,0.0,-0.0,-0.0,-0.0,-0.0,0.0,0.0023607276044227757,0.0,-0.0,0.0,0.0,-0.02832643937945696,0.020852332444075403,0.0,0.0,-0.0,-0.0,0.0,0.0,0.0,0.0,0.0,0.0,-0.0,0.0,0.0,0.0,-3.1032664458786137,0.0,0.0,0.0,0.0,0.012769147755756959,0.0
4434334,0.023228152944064648,-0.0,-0.06231335541502496,0.0,-0.0,-0.0,-0.0,-0.0,0.0,-0.0,0.0,0.0,0.0,0.0,-0.13994625605281796,0.0,0.0,-0.0,0.052014668084365404,0.0,-0.0,0.0,0.0,-0.0,0.0,-0.0,-0.0,0.0,0.0,-0.060713242441773355,-0.0,-0.0,0.0,0.0,0.02598295158071867,0.05227859470790781,-0.0,-0.0,-0.11355590088719485,-0.0,0.07802640264666223,0.0,0.03772267328369956,0.0,-0.0,-0.0,0.0,0.0,0.0,-0.0,-0.0,0.0,-0.058270747230432934,-0.021272614722310082,0.0,-0.0,-0.0,0.0,1.292467644456378,-0.03156844649681716,-0.0,0.0,0.06988258222626777,-0.0,0.0,-0.1878689307739072,0.0,0.0,0.0,0.0,0.0,0.0,0.0,0.018098937816971097,-0.0,0.0,0.13259264565295797,-0.0,0.0,-0.0,-0.0,0.0,-0.0,0.0,0.0,-0.0,-0.0,0.0,-0.0,-0.0,-0.08709666916885957,-0.0,0.0,-0.0,0.014626000058474767,0.1301215390295113,0.13137017597279405,0.0,-0.09153242641880645,0.0,0.04893667317110563
4436046,0.03840307774268366,-0.0,-0.20694586197285664,0.0,-0.08019343776506623,-0.0,0.01906060070594598,-0.0,0.0,-0.0,-0.0,0.0,-0.0,0.02998453720425205,-0.16185157898758828,0.0,-0.0,0.0,0.017750756139413695,-0.0,-0.0,0.0,-0.0,0.0,0.0,0.01605225797572829,-0.13766900447488495,-0.0,0.018279736247738487,-0.15440027180799298,0.0,0.0,-0.09725497089206163,0.04968319548935961,-0.0,0.017059192272692744,-0.0,-0.0,-0.0,-0.0,0.0,0.0,0.022564571383459103,0.0,-0.07728908621369952,-0.0,0.0,0.03223339012059627,-0.0,0.02767710838565275,-0.0,0.0,-0.06177658971027973,-0.10684595979991872,0.0,0.0,-0.0,0.0,-0.03156844649681716,1.3749046594714391,-0.013733883945367543,0.0,0.0,0.007459100467767016,0.0,-0.0,0.0,0.0,0.0,-0.0,0.0,0.0,0.0,0.0,-0.10087452862575096,0.0,0.05921548707696951,0.03967004913457396,0.0,0.0,0.0073542747721808965,0.0,-0.0,0.0,-0.0,-0.0,-0.0,-0.0,0.0,-0.0,-0.07937885081788494,-0.0,0.0,0.0,0.0,0.0,0.0,0.003155358485052863,0.0,0.0,0.0
4439469,-0.0,0.0,0.0,-0.0,-0.10527415996360508,0.0,0.0,0.0392554181830124,0.0,0.0,-0.0,-0.0,-0.0,0.0,-0.0,0.00123458681362789,0.0,0.02387412798822834,0.006050964636131195,0.0,0.0,0.0,-0.20057184877577416,0.0,0.0,0.0,0.0,0.10124713974483131,0.0,-0.0,0.0,-0.0,-0.0,0.0,-0.020696473793967315,0.011429368754379783,0.0,0.0990607345879942,0.0014145936035693946,0.0,0.0,0.0029033545263824276,-0.0,0.0,-0.24144991021039058,0.0,-0.027691484294992352,0.0,0.0,0.0,-0.0,0.010524918693503083,-0.0,0.06692982287508902,0.0,-0.0,0.0,0.0,-0.0,-0.013733883945367564,1.2557450499722715,0.0,0.0,0.036080747105216485,0.0,0.0,-0.0,-0.0,-0.0,0.0,-0.006993285921244166,-0.0,0.0,-0.03851140224373904,-0.18393039025495844,0.0,0.0,0.0,-0.0,0.0,0.0,0.0,0.0,0.0,-0.005841310466678538,-0.0,-0.020269474927155973,-0.07723578272844439,0.0,0.0,0.0,0.04715634327094653,-0.0,-0.0,0.0,0.0,0.0,-0.0,0.0,-0.04666781352789384,0.0014625682503913995
4439603,0.0,-0.0,0.0,0.0,0.0,0.0,-0.0,-0.0,0.0,-0.0,0.0,0.0,0.05492047293795049,-0.0,0.0,0.0,-0.0,-0.0,-0.0,-0.0,0.0,0.0,0.0,-0.12375673313418538,-0.0,0.0,-0.0,0.0,0.06619400175942293,0.0,0.0,0.0,-0.0,-0.0,0.0,0.0,-0.0,-0.0,-0.0,0.0,-0.0,-0.003965987230312849,0.0,0.0,0.0,0.0,0.0,-0.0,0.0,0.0,0.0,0.0,-0.0,0.0,-0.0,0.0,-0.2004027081621042,0.0010496475198163435,0.0,0.0,0.0,1.4272424968951039,-0.4511896184037943,0.0,-0.0637207422938129,-0.0,0.0,0.0,0.0,0.0,0.0,0.0,-0.0,0.0,0.0,-0.0,-0.0,0.0,0.0485825882989422,-0.1903830134271749,-0.0,-0.0,0.0,0.0,0.0,0.0,0.06694137934993247,0.0,-0.0,-0.0,0.0,-0.03439774869243817,0.0,-0.0,0.0,-0.0,-0.03448906409755413,0.0,0.0,0.0,-0.0
4442130,0.0,-0.0,-0.0,0.0,0.0,0.0,0.0,0.0,0.0,0.0,0.0,0.0,0.025587740710513146,-0.0,-0.0,-0.0,-0.0,-0.0,-0.0,-0.03488807444386691,0.0,-0.0,0.0,-0.1563831707148236,-0.0,0.0,-0.0,-0.0,0.0,0.10187601601679493,0.0,0.0,-0.0,-0.0,-0.0,0.0,-0.0,-0.0,-0.0,-0.0,-0.0,-0.05757070451751857,0.0,-0.0,0.0007585499081473671,0.0,0.0,-0.0,-0.0,0.0,0.0,0.0,0.0,0.0,-0.21713630429263825,0.0,-0.0,0.0,0.06988258222626775,0.0,0.0,-0.4511896184037943,1.6286075878865287,0.0,-0.0,0.0,0.0,0.0,0.02417958391029637,-0.0,0.0,0.025675316433152198,-0.0,0.0,0.0,-0.0,-0.0,0.0,0.0,-0.0,0.0006788097201784818,-0.02117322398041195,0.0,0.027809409399401464,0.0,0.0,0.0,0.012464434238078283,0.0,-0.0,0.0,-0.0,0.0,0.0,-0.0,-0.0,-0.4496552269112866,0.009170711556785185,0.0,0.0,-0.025873482690682778
4443172,-0.0,0.0,0.02745206224669633,-0.0,0.0,-0.17923470394543733,-0.04796224815173976,-0.0,0.0,-0.0,-0.0,-0.0,0.0,-0.0,0.0,0.0,0.06677882962402408,0.0,0.0,0.0,-0.0,0.0,-0.0,0.0,0.0,-0.029992608017914923,0.0,0.0,0.0,0.0,0.0,-0.0,0.0,0.0,0.0,0.0,0.0,0.03818309886219293,0.0,0.0,0.0,0.0,0.0,0.03659530867543939,0.0,-0.030354070896857557,0.0,0.0,0.0,-0.10656377612281488,0.09545383812197479,0.0,-0.09670153869966071,0.0,0.0537992229379521,-0.12348968999722389,-0.0,0.0,-0.0,0.00745910046776703,0.036080747105216485,0.0,0.0,1.3688513572668164,0.0,-0.0,0.0,0.0,-0.0,0.0,0.0,-0.0,0.0,-0.0,0.0,0.07598068622450033,0.0,-0.04266563544394775,0.0,0.0,-0.0,0.0,-0.0,0.0,0.0,0.0,0.0,-0.0,-0.11195253778053842,0.0,0.03831936129734724,-0.0,-0.010436656292604922,-0.0,0.0,0.0,0.0,-0.0,-0.11339832028035003,0.0,0.0
4445673,0.0,-0.0,0.0,0.0,0.0,0.0,0.0,-0.0,0.0,-0.0,0.0,-0.0,0.0,0.0,0.0,0.0,-0.0037008419803769427,-0.18849501941403396,-0.037385336712530026,-0.0,0.08870659034183508,0.0,0.0,-0.0,-0.0,0.0,-0.0,-0.0,0.0,0.1777831959641023,-0.0,0.0,0.0,-0.0,-0.0,-0.0,-0.0,-0.0,-0.13084531943450356,0.10078674097751315,-0.0,-0.18476202470775532,0.0,0.0,0.0,0.0,0.0,-0.10194824028432221,-0.0,0.0,0.0,0.0,0.0,0.0,-0.0,0.0,-0.0,0.0,0.0,0.0,0.0,-0.0637207422938129,-0.0,0.0,1.447596522882743,-0.019177728947175857,0.0,-0.0,0.0,0.0,0.023061793079684187,0.0,-0.0,0.0,0.0,-0.0,-0.10488978748651838,0.0,0.0,-0.0,0.0,-0.0,0.030398401859051682,0.06668869156817693,0.03747306525484059,0.0031168275746526267,0.01822509539219061,0.0,0.0,-0.0,0.13080227924471655,-0.019320404902209695,0.0,0.0,0.0,-0.059435593420588836,-0.10234516422268942,0.0,0.0,0.0,-0.0
4446320,0.0,0.0,0.0,0.015307433813932972,0.0,-0.0,-0.0,-1.4463626580638067,0.014080658048783251,-0.0,0.0,-0.0,0.0,0.0,-0.0,0.0,0.0,-0.0,0.0,-0.0,0.0,0.0,0.0,0.0,0.0,-0.0,0.0,0.0,0.0,0.0,0.0,-0.0,-0.0,0.0,0.020048236057277,0.0,-0.0,0.0,-0.05872376205817932,0.0,0.0,-0.0,0.0,0.0,0.0,-0.0,0.0,0.0,0.0,-0.01121920023857139,0.0,0.0,-0.2735162702460566,-0.00254544531419415,0.06091189641485546,0.0,-0.024934004229576437,0.0,-0.18786893077390726,-0.0,0.0,-0.0,0.0,-0.0,-0.019177728947175857,2.1744539705087056,0.0,0.0,0.0,0.0,0.029861753109404726,0.0,0.0,0.0,0.0017099896823686705,0.0,0.0,-0.0,0.03462413677949468,-0.0,-0.0,0.0,0.0,0.0,0.0,0.0,0.0,0.0,-0.0,-0.0,0.0,-0.0,0.0,-0.0,0.05105686042105913,0.0,-0.0,0.0,-0.0,0.0,0.020967977230901477
4447072,-0.06991909505913335,0.08265506231480739,0.0,0.0,0.0,0.12571186505057902,0.0,0.0,-0.4912655902788983,0.04009814542641586,-0.5359661314358066,-0.0,-0.0021419739002424346,0.0,0.05332185916136452,0.0,0.026894597862498773,0.023564867234748252,-0.0,0.0251886900877515,0.0,0.0,0.0,0.025543608207613214,-0.0,0.0,0.0,0.09219240002464969,0.03303027306180001,0.0,0.0392953907644179,0.0,0.0,-0.0,0.0,0.0,0.0,0.0,0.020899899180312667,0.0,-0.0,0.0,-0.1346459003665375,0.0,-0.0,0.0,-0.0,0.0,0.0721945106627822,0.0,0.0,0.0,-0.0,0.04816457692246852,0.0,0.0,0.0,0.0,0.0,0.0,-0.0,0.0,0.0,0.0,0.0,0.0,2.3773321362735604,-0.5803923068887492,0.0,-0.0,-0.0,0.0,0.0,-0.30799244157481825,0.0,-0.0,0.0,0.0,-0.07266851176762144,0.0,0.0,0.005295717757524437,0.0,-0.0,-0.10320129025989742,0.07064157299973034,-0.0,-0.0,-0.0,0.0,0.04320028955681515,0.0,-0.0,-0.0,0.0,-0.0,0.0,-0.0,0.0,-0.0,0.0
4447188,-0.0,0.0,0.027115548344701645,-0.0,0.0,0.0,0.0,0.0,-0.818987801039626,0.0,-0.5962967099280545,-0.0,-0.0,0.0,0.01270129942633496,0.0,0.0,0.0,0.0,0.0,0.0,0.1071333048233926,-0.0,0.0,-0.0,0.0,0.0,0.0,-0.0,0.0,0.0,0.0,0.0,-0.0,0.0,-0.1830439705864102,0.0,0.0,0.0,0.0,0.0,-0.0,-0.018684235041259267,0.0,-0.0,0.0,-0.0,0.0,0.0,0.0,0.0,-0.0,0.0,0.04872349238804548,0.0,0.0,0.0,0.0,0.0,0.0,-0.0,0.0,0.0,0.0,-0.0,0.0,-0.5803923068887492,2.40120751639461,-0.0,0.0,-0.07006610910910334,-0.0,0.0,-0.032074418619502984,0.0,0.0,0.0,0.0,-0.0,0.0,0.0,0.0,0.0,-0.0,0.0,0.0,0.0,0.0,-0.0,0.0,0.0,0.026106273771543467,-0.0,0.0,0.0,-0.0,0.0,0.0,0.0,-0.0,0.0
4447950,-0.19910645190821985,0.0,0.0,-0.13117451455152968,0.0,0.0,-0.0,0.0,-0.0,0.0669099213354923,0.0,-0.0,-0.0,-0.0,0.0,0.0,0.0,0.0,0.0,0.0,0.0919742039390239,0.05010508052183556,-0.0,0.0,0.0,0.0,0.0,-0.0,0.0062866467052763095,0.0,0.0,-0.0,-0.0,0.0,0.03652588164396724,0.0,0.0,0.0,0.0,0.05115082011335882,0.0,0.0,-0.0,0.0,0.0,0.0,0.0,0.0,0.0,0.0,0.0,-0.0,-0.0,0.00933986188834278,0.0,-0.0,0.0,-0.0,0.0,0.0,-0.0,0.0,0.02417958391029637,-0.0,0.0,0.0,0.0,-0.0,1.2041979405257703,0.0,-0.2313842577017169,-0.07940075081550217,0.0,-0.06111564692131713,0.0,0.0,0.0,-0.0,0.0,0.0,0.0,0.0,-0.0,-0.0,0.0,-0.02808021847873414,0.0,-0.0,0.0,0.007021560453863866,0.001749092656089822,0.0,-0.0,0.0,-0.0,0.0,0.0,-0.04119475241613653,-0.0,-0.0,0.0
4448331,-0.0,-0.0,-0.0,0.0043026342377981,0.0,0.1507818590883298,0.06483447204244956,0.0,-0.0,0.0,0.0,0.0,0.0,0.0,-0.0,0.0,-0.0,-0.0,-0.18306770708773978,0.0,0.0,0.0,0.014551075273729806,-0.0,-1.0268395595483386,0.04232120207805792,-0.0,-0.0,0.0,-0.0,0.0,0.0,-0.0,-0.2720797505811693,0.0,0.0,-0.0,-0.0,-0.0,0.0,-0.10284471846688113,0.0,0.0,0.0,0.0,0.0,0.0,0.0,-0.0,0.0,-0.0,0.0,0.0,-0.0,-0.0,0.0,0.0004431212994454939,-0.0,0.0,-0.0,0.0,0.0,-0.0,0.0,0.0,0.0,-0.0,0.0,0.0,3.9658876229256315,0.0,0.0,0.0,0.0,0.0,-1.8091573781332186,0.022757727576697764,0.0,0.0,-0.0,0.0,0.0,0.0,0.0,0.0,0.0,-0.0,-0.0,0.0,-0.0,-0.0,0.0,0.05355467949657204,0.0,-0.0,-0.3258915207216446,0.0,0.0,0.0,0.0,0.0
4449054,-0.0967404563523306,0.0,0.04620057960528126,-0.13444023214740353,0.02258577289088791,0.005789685200918958,0.0,0.035204735297432344,-0.05039694384457517,0.0,-0.0,-0.0,-0.0,-0.03199091624953852,0.0,-0.0,0.0,0.0,0.050221306206185326,0.0,-0.0002433213931522446,-0.0,-0.0,0.02044508408915663,0.0,0.0,0.0,0.0,0.0,0.0,0.0,-0.0,0.0,0.0,0.022271396318978467,-0.0,0.0,0.0,0.04576242037271054,0.0,0.0,0.0,-0.19985952669075208,0.0,0.0,0.0,-0.0,0.0,0.0,0.0,0.0,-0.06554950060096515,0.0,0.0,0.0,-0.0,0.0,-0.0,0.0,0.0,-0.006993285921244166,0.0,0.0,0.0,0.023061793079684187,0.029861753109404712,-0.0,-0.07006610910910334,-0.23138425770171683,0.0,1.4503845339061396,-0.0,0.04739284789023131,-0.04254671108143761,-0.0,0.0,0.0,0.0,-0.0,0.08725935647863188,0.0,0.0,0.0,-0.21455237071498517,0.0,0.0,0.027966455017475633,0.0,0.0,0.0,0.0,0.017213559953466705,-0.0,0.0,-0.0,0.0,0.0,0.0,0.0,-0.15585645580342739,-0.0
4449236,-0.009734371474914565,0.03241905017049293,0.0,0.0,-0.0,0.0,-0.06445427369327093,0.0,0.0,0.006250263842131211,0.0,-0.0,-0.0,0.0,0.0,0.0,0.0,0.0,0.0,0.0595146242601169,-0.0,0.0,-0.15242739702315605,0.0,0.0,-0.0,0.00024233340141201903,-0.0,-0.0,-0.0,0.03098894679552619,-0.0,0.0,0.0,0.0,0.0,0.05873749878383017,0.0,0.0,0.0,0.0,0.0,-0.0,0.0,0.0,0.0,-0.0,0.0,0.028347399909062945,-0.036702640911782616,0.0,-0.0,-0.0,0.0,0.0,-0.0,0.0,-0.0,0.0,0.0,-0.0,0.0,0.025675316433152198,-0.0,0.0,0.0,0.0,-0.0,-0.07940075081550217,0.0,-0.0,1.2570661280224242,0.008751566274847807,-0.0,0.0,0.0,0.0,-0.0,-0.0,0.04087610820490334,-0.0,0.0,-0.014975014634693341,-0.0,0.0,0.0,0.0,-0.03222047212689576,-0.0,0.0,0.02011403790968591,0.0038262584948017195,-0.05352176305479488,-0.0,-0.0,0.0,0.0,-0.21292044207174582,0.0,-0.0,0.0
4449851,0.0,-0.02685298613972799,-0.0,0.0,0.0,0.005368903083501117,0.0,0.0,0.0,0.0,0.0,0.0,0.0,0.0,-0.0,0.0,-0.0,-0.03305278257034873,-0.0,-0.17136060071144793,0.0,0.0,0.0,0.0,-0.0,0.0,-0.0,-0.0,0.0,0.0,-0.0,0.0,-0.0,0.0,-0.0,-0.0,0.0,-0.0,-0.0,0.0,0.0,-0.0,-0.0,-0.0,0.0,0.11348866828429104,0.0,-0.22717064463376785,-0.0,0.0,-0.0,0.0,0.0,0.0,-0.0,0.044102814993439085,0.0,0.0,0.0,0.0,0.0,-0.0,-0.0,0.0,-0.0,0.0,0.0,0.0,0.0,0.0,0.047392847890231335,0.00875156627484782,3.514864053390908,0.0,0.0,0.0,-0.4485474486532263,0.015594921603820547,0.1191933804993937,-0.060702196385254786,0.0,-2.100598067428183,0.0,0.0,0.0,-0.0,0.03924287788167059,0.0,0.0,-0.0,0.0,0.0,0.14745245299293802,0.024367793527795292,0.0,0.0,-0.0,0.0,0.0,0.042176703325518664,-0.0
4453609,-0.15947140775890817,0.0,0.0029512268585715623,0.0,0.0,0.0,-0.0,0.006637167502019016,-0.0,0.02559507180513859,-0.0,-0.03537812094176371,-0.12937031792555553,0.0,0.0,0.0,0.0,0.0,0.0,0.0,0.0,0.0,-0.03677589029620469,0.0025714887939802533,0.0,0.0,0.0,0.0,0.0,0.0,0.0,-0.0,0.0,0.0,0.0,0.08856112597511213,0.0,0.023634743549259762,0.0,0.0,0.0,0.0,-0.056510955297527185,0.007933619403989171,0.0,0.0,0.0,0.0,0.0,-0.0,0.1277194526735655,0.03470740584907113,0.0,0.05268090910817792,0.0,-0.0,0.0,0.0023607276044227687,0.018098937816971104,0.0,-0.03851140224373904,0.0,0.0,-0.0,0.0,0.0,-0.30799244157481825,-0.032074418619502984,-0.06111564692131714,0.0,-0.04254671108143762,-0.0,0.0,1.445052628196971,0.0,0.03915325080018085,0.0,-0.10611755172760852,-0.0,0.0,-0.0,0.0,0.0,-0.0,-0.0,0.0,0.0,-0.012054622885136305,-0.0,0.0,0.0,0.0,-0.2492749408403232,-0.0,0.04960154459552213,0.0,0.0,-0.030743205900802054,-0.0,-0.010465600534082721,0.0
4454025,-0.0,0.0,-0.0,-0.0,-0.042946905184088155,0.0,0.0,0.04498920709040895,0.0,0.0,-0.0,0.025039674376578683,0.0,-0.0,-0.0,-0.0,-0.08018528514995794,0.0,0.01913648741825301,-0.0,-0.0,-0.0,-0.1032199980876148,0.0,0.0,0.0,-0.06880777684203791,0.0,-0.0,-0.06379580584800175,0.0,-0.0,-0.0,0.0,-0.0,0.0,0.0,0.0,0.0,-0.0,0.0,0.039910678127755686,0.0,-0.0,-0.056643750792355535,0.007379873992785432,-0.0,0.0,-0.0,0.026126858077643672,-0.16838617887402552,0.0,0.0,0.0,-0.0,0.0,0.0013780114927492981,0.0,-0.0,-0.10087452862575098,-0.1839303902549584,0.0,0.0,0.0,0.0,0.0017099896823686705,0.0,0.0,0.0,0.0,-0.0,0.0,0.0,0.0,1.2285231378040167,0.0,0.0,0.06027553160325351,0.0,0.0,-0.0,0.0,0.0,0.0,-0.0,-0.11509104487821621,0.0,-0.0,0.0,-0.0,-0.09302685312478524,0.0,0.0,0.0,0.0,0.008901807281533412,0.02558880970041348,0.0,-0.0,-0.0,0.0
4454531,0.0,-0.05265638225159007,-0.0,0.0,0.009753126835552205,0.0,0.0,0.0,-0.0,0.0,0.0,0.007427530226817879,0.006593382403075075,-0.0,-0.0,-0.0,-0.016295085894473253,-0.017961578754909578,-0.12311249452596444,-0.0,0.0,0.0,0.15137855591655397,-0.0,-0.2647410701811962,0.0,-0.05104880213903697,-0.0,0.04416354229256102,0.0,-0.0,0.038224538876877906,0.0,-0.19901173281078227,0.0,0.0,-0.0,-0.03789082586724696,-0.0,-0.0,-0.0,-0.0,0.0,-0.05608229880235778,0.0,0.03653795245867121,0.0,0.0,-0.0,0.0,-0.0,0.0,0.0,-0.0,-0.09883758717968856,0.0,0.0,-0.0,0.0,0.0,0.0,-0.0,-0.0,0.07598068622450035,-0.0,0.0,-0.0,0.0,0.0,-1.8091573781332184,0.0,0.0,0.0,0.03915325080018085,0.0,3.140780250651464,0.0,0.0,0.0,-0.0,0.0,0.12777782120680875,0.0,0.09691241358763898,0.0,0.01211436969526658,-0.0,0.0,0.007086241957546535,-0.0,-0.0,0.0,0.012973388235999743,0.08368744514664168,-0.0,-0.02803328857934058,0.0,0.08947796598131001,0.0,0.025421477706985995,-0.0
4454839,0.0,-0.0,0.0,0.0,0.0,0.0,0.0,0.0,-0.0,-0.0,0.0,-0.0,0.0,0.0,0.0,0.0,-0.0,-0.13865791151754375,-0.0,-0.12534704054085427,0.018525494970367123,0.0,0.0,-0.0,0.0,0.0,-0.0,-0.0,-0.0,0.04021499279401099,-0.7531394531817664,0.0,0.0,0.0,-0.0,-0.032723708053413306,0.0,0.0,-0.0,0.0,0.0,-0.14831324131015555,-0.0,-0.0,0.0,0.0,0.0,-0.8045397927901355,-0.0,0.0,0.0,0.0,0.06839336341830286,0.0,-0.0,0.0,0.0,0.0,0.13259264565295797,0.05921548707696951,0.0,-0.0,-0.0,0.0,-0.10488978748651838,0.0,0.0,0.0,0.0,0.022757727576697792,0.0,0.0,-0.4485474486532263,0.0,0.0,0.0,3.859534363453321,0.0,0.0,-0.0,0.0,-1.361267533381723,0.13316064788486776,0.0484561997890576,0.0,0.0,0.007058657789124963,0.0,0.0,-0.0,0.026633079357020473,0.0051635868162091605,0.0,0.0,-0.0,-0.0,-0.10069400595115961,0.0,0.0,0.0,-0.0
4457438,0.0,0.02428475267188608,0.11766098477473018,-0.0,0.0,-0.11872741802713495,-0.06119375132525054,-0.0,0.0005756791211703818,0.021843721625849674,0.0,-0.0,-0.0,0.0,0.0,0.10021692992871957,0.0,0.0,0.0,0.01776760970307542,0.0,0.0,-0.0,-0.0,0.0,-0.0,0.0,0.08686877685066784,0.0,0.0,0.0,-0.11895762165160166,0.002490651225192632,0.0,-0.0,0.0,0.0,0.0,0.0,0.0,0.0,0.0,0.0,0.0,0.09267034093961883,-0.0,0.0,0.0,0.0,-0.45684628691407764,0.0,0.11843796672630787,-0.0,0.14023445248930888,0.0,-0.19545106161609,0.0,0.0,-0.0,0.039670049134573934,0.0,0.0,0.0,-0.04266563544394773,0.0,-0.0,0.0,0.0,-0.0,0.0,0.0,-0.0,0.015594921603820547,-0.10611755172760852,0.06027553160325351,0.0,0.0,1.8250747623677936,-0.0,0.0,-0.0,0.0,-0.0,0.0,-0.017451883040118937,-0.0,-0.0,-0.0,-0.0,0.0,0.0,0.0,-0.0,-0.0,0.0,0.0,0.0,-0.2343040377435307,-0.2797883796650561,-0.015147410636267497,0.0
4457872,-0.037606088771075255,0.01612425153649681,0.0,-0.0,0.0,-0.0,-0.0,0.06109461086805017,-0.4932153938676282,-0.0,-0.0,-0.0,-0.1895497915102778,0.11217366942774419,0.0,-0.0,0.0,0.0,0.00864886727646691,0.04580465635154224,-0.042252421102186036,-0.0,0.0,0.09757759651621735,0.0,-0.0,0.04795676288501148,0.0202336990393331,-0.0,0.0,0.0,0.0,0.023470756650745453,0.0,-0.12566699471422904,0.0,0.0,0.012238762086468645,0.05093239786325844,0.0,0.0,0.0,-0.0,0.0,0.0,-0.0,-0.0,0.0,0.0,0.0,0.08626913025985451,-0.03276541531746198,0.0,-0.0,0.0,0.0,0.0,-0.028326439379456933,0.0,0.0,-0.0,0.048582588298942214,0.0,0.0,0.0,0.03462413677949465,-0.07266851176762143,-0.0,0.0,0.0,-0.0,-0.0,0.11919338049939372,-0.0,0.0,0.0,0.0,-0.0,1.6221910405109652,0.051382368204235404,0.06876551448075417,0.0,0.0,-0.06248085038228042,-0.0,0.0,-0.0,-0.0,0.0,0.0,0.0,0.0,-0.0692768306541194,0.0,-0.0,0.0,0.0025344466495285517,-0.0,-0.0,-0.0,-0.0
4458306,0.004457301321273671,-0.1927716316456115,-0.0,0.0,0.0,0.0,-0.0,-0.0,-0.0,0.0,0.0,0.08810384961823768,0.03528825476096886,0.0,-0.0,-0.0,-0.0,-0.0,0.0,-0.00922868423588459,0.0,-0.0,0.14154921389759,-0.035280780744021356,0.0,0.0,-0.0,0.0,0.0,0.0,-0.07717515492300615,0.0,0.0,0.0,0.0,-0.0,-0.28870688365392666,-0.10594915107958879,-0.0,-0.0,0.0,-0.0,0.0,-0.0,0.0,0.0,0.0989069645860642,-0.0,-0.0,0.0,0.0,0.0,0.0,-0.0,-0.0,0.03513094908584846,-0.0563715339287502,0.020852332444075403,-0.0,0.0,0.0,-0.1903830134271749,-0.0,0.0,-0.0,-0.0,0.0,0.0,0.0,-0.0,0.08725935647863188,0.040876108204903325,-0.0607021963852548,0.0,0.0,-0.0,-0.0,0.0,0.05138236820423539,1.644905996870772,-0.0,-0.0,-0.0,0.009840249047839422,0.027328730866445758,0.0,0.002355370033766152,0.10496898098902842,-0.0,-0.0007620787001819049,-0.0,-0.2851078659748465,0.0,0.0,0.03870244715594531,0.0,-0.0,0.030377258863174758,0.0,0.0,-0.0
4459196,0.0,0.0,0.0,0.029355180853959176,-0.0,-0.08511562475951188,-0.0,-0.0,0.03867629444509324,-0.0,0.0,-0.0,0.01763732242223228,-0.08909168508599784,0.0,-0.0,0.0013798232450324618,0.0,0.0057199397297289095,0.0,-0.0,-0.0,-0.0,-0.0,0.040417702139666514,-0.0,0.0,-0.0,0.0,-0.0,0.0,-0.0,0.0,0.0,0.008876413017275979,0.0,0.0,-0.0,0.0,-0.0,0.0,0.0,0.0,-0.0,-0.0,-0.0,0.0,0.013959827753894302,0.006595669435917745,-0.16856549151511097,-0.0,0.0,-0.04726419687824378,-0.0,0.0,-0.02521795690128155,0.0,0.0,-0.0,0.00735427477218091,0.0,-0.0,0.0006788097201784749,-0.0,0.0,-0.0,0.0,0.0,0.0,0.0,0.0,-0.0,0.0,-0.0,-0.0,0.0,0.0,-0.0,0.06876551448075414,-0.0,1.126571401955227,0.0,-0.0,0.0,0.0,-0.0,-0.0,0.0,-0.03952773725302468,0.0,0.0,-0.060745803554698066,-0.0,-0.0986317242821886,0.019869851882738043,0.016308946554881736,0.0,-0.0,-0.02778330323481043,-0.0,-0.0
4461030,0.0,-0.0,0.0,0.0,0.0,0.0,0.0,0.0,0.0,0.0,0.0,0.0,-0.0,0.0,-0.0,0.0,-0.0,-0.0,-0.0,-0.15955311137814016,0.01755278572972392,0.0,0.0,-0.0,0.0,0.0,0.0,-0.0,-0.0,0.0050962086602562295,-0.0,0.0,-0.0,0.0,-0.0,-0.029274911896228425,0.052868691301554735,0.0,-0.0,0.038598308211275814,0.0,-0.0,-0.0,0.0,0.0,0.0,0.0,-0.4917097590607394,-0.0,0.0,0.0,0.0,0.0,0.031380075308601,-0.0,0.0,0.0,0.0,0.0,0.0,0.0,-0.0,-0.021173223980411923,0.0,-0.0,0.0,0.005295717757524437,0.0,0.0,0.0,0.0,0.0,-2.1005980674281823,0.0,0.0,0.1277778212068088,-1.3612675333817228,0.0,0.0,-0.0,0.0,4.181854980192684,0.0,0.0,0.0,-0.0,0.0,0.0,0.0,0.0,0.0,0.0,0.0,0.0,0.0,0.0,-0.0,0.0,0.0,0.0,-0.0
4465907,0.0,0.0423072589272671,-0.0,0.0,-0.008793700945446778,-0.005629105742628947,-0.0,0.0,0.0,-0.0,0.047211016413885185,0.0,0.0,-0.0,-0.0,0.0,0.02912752802699954,0.0,0.10670160164567215,0.06968393624955896,-0.0,-0.0,-0.0,-0.0,0.0,-0.0,-0.0,0.0612307573949903,0.0,-0.009173941409465175,0.0,-0.16454557774722312,-0.0,0.0,0.0,0.0,0.0,-0.0,0.015881316728731373,0.0,0.025546081893409067,0.11681278689925916,0.0,0.0,-0.0,-0.07401749276746966,0.008618878493936201,0.0,0.031352193597673036,-0.0,-0.0,0.0,-0.0,-0.0,0.05967976141867615,-0.12408129630666605,-0.0,-0.0,-0.0,-0.0,0.0,0.0,0.0,-0.0,0.030398401859051682,0.0,0.0,0.0,-0.0,0.0,0.0,-0.014975014634693334,0.0,0.0,0.0,0.0,0.1331606478848678,-0.0,0.0,-0.0,-0.0,0.0,1.5551876635072315,-0.0,0.0,-0.2092349976470556,0.0,-0.0,-0.0,0.031611548635580036,-0.0,-0.07522445279188891,-0.0,-0.2802842095575474,0.0,0.0,0.0,-0.0,-0.0,-0.0,0.0
4467447,-0.0,0.009833135070667173,0.0,-0.0,0.0,0.035910135708641225,0.0,0.0,-0.0,0.0,0.0,0.0,-0.0,-0.0,0.0,-0.0,0.008450556296432973,0.0716421115271894,0.0,0.060231310051521394,-0.10039533478253855,-0.0,-0.0,0.08208918998874341,0.0,-0.0,0.14799563938637694,0.0,-0.274958505302354,0.0,0.0,0.0,0.0,0.0,0.0,-0.3100903980965303,0.006890041240410476,0.0,0.07111794170591211,0.0,0.0,0.10961144007729574,-0.0,0.0,-0.0,-0.0,-0.13540233899583576,0.0,-0.0,-0.0028157023241072165,0.016494003494577726,-1.1746138375581883,0.0,-0.0,0.0,0.0,0.03587750829335509,-0.0,0.0,0.0,0.0,0.0,0.027809409399401464,0.0,0.06668869156817693,0.0,-0.0,-0.0,-0.0,0.0,-0.21455237071498512,-0.0,0.0,-0.0,0.0,0.09691241358763895,0.048456199789057616,0.0,-0.062480850382280434,0.009840249047839422,0.0,0.0,-0.0,2.5658185988212807,-0.0,0.0,-0.00543793099095477,0.0,0.0,0.09280777913312237,-0.0,0.0,-0.0,0.0,-0.0,0.0,0.035716784593290515,-0.0,0.0,0.0,0.0
4468234,-0.0,0.08286532577638926,0.0,-0.6975908690808791,0.0,0.0,0.0,0.0,0.0,0.051155314636496294,-0.37077812287860384,-0.0,-0.0,0.0,0.0,0.0,0.0,0.08883815152687648,0.0,0.05613306366900535,-0.0,0.0,-0.0,0.021413721210688394,0.0,0.0,0.0,0.061702466564095906,-0.023368158863312116,0.0,0.0,0.0310905335462658,0.0,0.0,-0.6004348994132161,0.0,-0.0,0.005306876195995874,0.0,0.0,0.0,0.0,-0.004115831306898306,0.0,0.0,0.0,-0.0,0.0,0.0,0.0,0.0,0.0,-0.0,0.018115335964766943,0.0,0.0,0.0,0.0,0.0,-0.0,-0.0058413104666785245,0.0,0.0,0.0,0.03747306525484059,0.0,-0.10320129025989745,0.0,0.0,0.0,0.0,0.0,0.0,-0.0,-0.0,0.0,0.0,-0.01745188304011893,-0.0,0.027328730866445772,0.0,0.0,0.0,-0.0,2.0792079671422217,-0.0,-0.0,-0.015599201517034846,0.0,-0.0,0.0,0.0,-0.0,0.0,0.07023823680152279,0.0,0.0,-0.0,0.0,-0.0,0.0
4469576,0.0,0.01671640877786662,-0.0,0.0,-0.01355871006353776,0.0,-0.0,0.0,0.0,0.0,0.0,0.0,-0.0,0.0,-0.12849179509718434,0.0,-0.0,0.0,0.00960168243947973,0.0,0.0,0.0,-0.07557631931218242,-0.0,0.0,-0.0,0.0,-0.0,0.0,-0.154760304500273,0.0,-0.012687991751090977,-0.12303319040494991,0.0,-0.0,0.0,0.0,0.08764785484750408,0.0,0.0,0.0,0.07545847953551664,0.0,0.0,-0.26151828451361464,-0.0,0.0,0.0,-0.0,0.0,-0.03996021975812179,0.0,-0.0,-0.022881284781123362,0.08604605929337415,0.0,0.0,0.0,-0.0,-0.0,-0.0,0.0,0.0,0.0,0.003116827574652599,0.0,0.07064157299973034,0.0,-0.028080218478734167,0.0,0.0,0.0,-0.0,0.0,-0.11509104487821621,0.012114369695266587,0.0,-0.0,0.0,0.0,-0.0,-0.0,-0.20923499764705555,0.0,-0.0,1.4045758494705733,-0.0,0.0,0.0,0.0014669673564742594,-0.07152073685581697,-0.010519971253856751,0.0,-0.0,0.0,0.0,0.07139421492630275,-0.0,-0.0,0.0,0.06897319874663534
4472091,0.0,0.0,-0.015781452255586623,-0.0,-0.02112974693624113,-0.0,0.0,-0.0,0.0,-0.0,-0.0,-0.0,-0.0,0.0,-0.0,-0.0,0.0084279361336978,0.0,0.0,0.0,-0.0,-0.0,-0.0,0.0,0.0,-0.0,-0.0,0.0,-0.0,-0.0,0.0,0.0,-0.0,0.0,-0.0,-0.0,-0.0,0.03878331668165626,0.015694514851101418,0.0,0.0,0.0,0.0,0.0,-0.13891304305149915,-0.0,0.0,0.005073682961542328,-0.0,-0.0,0.0,-0.0,-0.0334589240346649,-0.0,0.0,0.0,0.07355879328194881,0.0,-0.0,-0.0,-0.020269474927155987,0.06694137934993247,0.0,0.0,0.01822509539219061,0.0,-0.0,0.0,0.0,-0.0,0.027966455017475605,0.0,0.039242877881670565,0.0,0.0,-0.0,0.007058657789124956,-0.0,-0.0,0.002355370033766152,-0.0,0.0,0.0,-0.00543793099095477,-0.0,-0.0,1.056194081541293,-0.0,0.0,0.0,-0.0,0.0,0.0,-0.0,0.0,0.0,0.0,-0.0,-0.0,0.0,0.0
4472174,-0.039677062934741505,0.0,0.0,-0.0,-0.0,0.0,0.0,0.0009147060960654971,0.0,0.0,0.0,-0.1696031825191326,0.0,0.010674508494730922,-0.0,0.0,0.0,0.0,-0.0,0.0,-0.0,0.0,-0.10571871697602718,0.0,-0.0,0.0,-0.0,0.02525332469927387,0.0,-0.0,0.0,-0.0,-0.0,-0.0,-0.0,0.04022140249259247,0.030518931390143597,0.004179116192820485,0.06209117508943142,0.0,-0.0,0.0,0.0,0.0,-0.0,0.0,0.0,0.0,0.0,0.0,-0.0,0.061256141127024,0.0,0.0,0.0,-0.0,0.0,0.0,0.0,-0.0,-0.07723578272844442,0.0,0.012464434238078276,-0.0,0.0,0.0,-0.0,0.0,-0.0,-0.0,0.0,-0.0322204721268957,0.0,-0.012054622885136299,-0.0,0.0,0.0,-0.0,-0.0,0.10496898098902836,0.0,0.0,-0.0,0.0,-0.015599201517034846,0.0,-0.0,1.1484229623623388,-0.0,0.0,0.0,0.0,0.0,-0.07553016904671639,0.0,-0.0,0.0,-0.013136966320686852,0.0,-0.0,0.0
4472399,0.0,0.0,0.0,0.0,-0.0,-0.011909152720868801,-0.06016882898057814,-0.0,-0.0,-0.0,0.0,-0.0,0.06901277869657763,-0.0,0.0,0.0,0.0,0.0,0.0,0.02333171839906037,-0.0,-0.0,0.0,0.0,0.0,-0.0,0.002788251499526849,0.06409177332326847,0.0,0.0,0.0,-0.20172197071005926,0.0,0.0,0.05700689502338496,0.0,0.0,0.0,0.0,0.0,0.0,0.0,-0.0,0.0,-0.0,-0.0,0.0,0.0,0.00020277596742103443,-0.0,0.0,0.0,-0.0,-0.0,0.0,-0.0,-0.0,0.0,-0.0,0.0,0.0,-0.0,0.0,-0.11195253778053839,0.0,-0.0,-0.0,-0.0,0.0,0.0,0.0,-0.0,0.0,-0.0,0.0,0.007086241957546535,0.0,-0.0,0.0,-0.0,-0.03952773725302468,0.0,-0.0,0.0,0.0,0.0,0.0,-0.0,2.055602551276544,0.027353501130885277,0.0,-0.0,-0.0,-1.2480797282792053,0.0,0.0,0.0,-0.04151005806983264,-0.0,-0.0,0.0
4475758,0.0,-0.0,-0.0,0.0,0.04897072086858738,0.0,0.0,-0.0,0.0,0.0,-0.0,0.03411466533544828,0.0,0.03973401370333492,0.0,-0.0,-0.0,-0.0,0.0,-0.0,0.0,-0.0,0.0,-0.0,0.0,0.0,-0.020679192799570686,0.026617371826511416,0.03833061267057129,0.0,-0.045048657643291065,0.00978680226797813,0.0,0.0,-0.0,0.0,-0.6360911594755349,-0.13198662527740268,-0.10321563038263488,-0.0,0.0,-0.1045088834216734,0.0,-0.15272152328539723,0.0,0.12126452995827088,0.0,-0.0,-0.0,0.0,-0.0,0.0,0.0,0.0,-0.007466818160515518,-0.0,-0.0,0.0,-0.0,-0.0,0.0,-0.0,-0.0,0.0,-0.0,-0.0,0.0,0.0,0.007021560453863866,-0.0,0.0,0.0,-0.0,0.0,-0.0,-0.0,-0.0,0.0,0.0,-0.000762078700181891,0.0,0.0,0.031611548635580036,0.09280777913312234,-0.0,0.0014669673564742594,0.0,0.0,0.027353501130885277,1.670482462385557,-0.0,0.0,0.002662071238556621,0.05477467569659611,0.0,-0.0,-0.0,0.1279304515464343,0.0,0.0,-0.0
4476604,0.024638012611953627,-0.0,-0.30410800732333315,0.0,-0.0,0.0,0.0,0.0,0.0,-0.0,0.0,0.1219468529714179,0.11211629525936238,0.0,-0.047440281173059776,-0.0,-0.0,0.0,0.0,-0.0,-0.0,-0.0,0.0,0.0,0.0,0.0,-0.37405277081566896,-0.0,0.0,-0.10350688135643364,-0.0,0.0,-0.0,0.0,0.0,0.0,-0.013263843537746865,-0.04760384250495174,-0.0,-0.0,0.0,0.0,0.0,-0.0,-0.0,0.0,0.0,0.0,-0.6547805574062904,0.0,-0.0822577289062376,-0.0,0.0,-0.0,-0.0,0.0,0.0,-0.0,-0.0870966691688596,-0.07937885081788491,0.0,0.0,0.0,0.03831936129734724,0.1308022792447166,0.0,0.04320028955681515,0.0,0.001749092656089836,-0.0,0.0,0.02011403790968591,0.0,0.0,-0.09302685312478522,-0.0,0.026633079357020487,0.0,0.0,-0.0,0.0,0.0,-0.0,-0.0,0.0,-0.07152073685581697,-0.0,0.0,0.0,-0.0,1.9030712814272062,-0.0,0.03808644837153158,0.0,0.0,0.12651169902885478,0.04748677375079033,0.0031841894981118196,0.0,0.0,-0.0
4477696,0.06630153089628313,-0.0,-0.0,0.0,0.0,-0.056541676171077845,-0.020410259013588006,-0.07685410465774752,0.0,-0.0,0.0,0.015400851608661142,0.0025819240439939467,0.0,0.0,0.0,-0.0,0.0,0.0,0.0,0.0,0.0,0.033287901118724095,-0.07123829275526417,0.0,-0.0,0.0,0.006438121866394732,0.0,-0.0,0.0,-0.0,-0.0,0.0,0.0,0.0,-0.10107024669998267,0.0,-0.0,0.0,0.0,0.0,0.021039477491292896,0.0,-0.0,-0.0,0.02386419617178545,0.0,0.0,-0.0,0.018170354713050826,0.0,-0.014598048985981674,-0.0794987764973988,0.03965878395100671,0.0,-0.021274886396343673,0.0,-0.0,-0.0,0.047156343270946546,-0.03439774869243818,-0.0,-0.0,-0.019320404902209695,-0.0,0.0,0.026106273771543467,0.0,0.0,0.017213559953466726,0.0038262584948017334,0.0,0.0,0.0,0.0,0.005163586816209154,0.0,0.0,-0.28510786597484644,-0.06074580355469804,0.0,-0.07522445279188891,0.0,0.0,-0.010519971253856765,0.0,0.0,-0.0,0.0,-0.0,1.194734656103446,0.0,-0.0,0.06943971959105329,0.0,-0.0,0.0,-0.010874414625863367,0.0,0.0
4478125,-0.09852083889142056,0.04812829729227598,0.15986219062655638,-0.0,0.0,-0.2662917434739252,-0.1565886344839038,0.0,0.0,-0.19876107290678202,-0.0,-0.0,-0.0,0.0,0.03713067546427477,0.05663099985982052,0.0,0.0,0.0,0.0,0.0,0.0,-0.0,0.0,0.0,-0.0,0.0,0.0,0.0,0.0,0.0,-0.0,0.0,0.0,-0.0,0.0,0.05093249543242025,0.0,0.0,0.0,0.0,0.0,0.0,0.03638647794660203,0.0,-0.0,-0.0,0.0,0.0,-0.0721868919431536,0.0,0.0,-0.0,0.0,0.0,-0.04741459657184707,0.0,0.0,0.0,0.0,-0.0,0.0,0.0,-0.010436656292604908,0.0,0.0,-0.0,-0.0,-0.0,0.053554679496572055,-0.0,-0.05352176305479488,0.14745245299293808,-0.24927494084032326,0.0,0.012973388235999743,0.0,-0.0,-0.06927683065411945,0.0,-0.0,0.0,-0.0,-0.0,-0.0,0.0,0.0,0.0,-0.0,0.002662071238556628,0.038086448371531564,0.0,1.8457142340706891,-0.0,0.0,0.0,0.0,-0.40148908221485824,-0.0,-0.03353296013060779,0.0
4478815,0.0,0.1026073004087495,0.0,0.0,-0.0692940476030778,-0.003221519667867205,-0.1636488352001721,-0.0,0.0,-0.0,0.0,-0.0,0.0,-0.0,0.0,0.0,0.185489453024623,0.016946821586136453,0.008183116158726259,0.0008578245077631372,-0.0,-0.0,-0.08941396116760643,0.0,0.0,-0.0,0.0,0.06403846775722909,0.0,-0.0,0.14961229107184726,-0.0646676182316042,0.0,0.014738424380314488,0.0,0.030830259507335173,0.04213727400489625,0.0,0.0,-0.0,0.0,0.018992361866084842,0.0,0.0,-0.0,-0.14279133668677785,0.0,0.0,0.048210248588548624,-0.0,0.0,0.0,-0.0,-0.0,0.04708546125615233,-0.11192408612028114,-0.0,0.0,-0.0,0.0,-0.0,-0.0,0.0,-0.0,0.0,-0.0,-0.0,0.0,0.0,0.0,0.0,-0.0,0.02436779352779528,-0.0,0.0,0.08368744514664166,0.0,-0.0,0.0,0.0,-0.09863172428218862,0.0,-0.2802842095575474,0.0,0.0,-0.0,-0.0,-0.07553016904671639,-1.2480797282792053,0.05477467569659611,0.0,-0.0,-0.0,2.644826560221444,0.0,0.03604993850519317,0.013176647242587304,-0.08243479881335437,-0.0,-0.0,0.0
4479397,0.0,0.0,-0.0,0.039540350543046845,-0.0,0.0,0.005912148258658961,0.0,-0.013011382890913775,0.0,0.1950306184087024,-0.0,-0.0,-0.0,0.028584031431981696,-0.0,0.0,0.0,-0.0,0.0,-0.0,-0.0,0.0,0.0,-0.0,-0.0,-0.0,0.0,-0.0,0.0,0.0,0.0,0.0,-0.0,0.0,0.0,0.0,-0.008014468231381529,0.0,-0.0,-0.0,0.0,-0.0,-0.0,0.0,-0.0,0.0,0.0,0.0,0.0,-0.0,-0.19789495144889996,0.036008977663027825,0.0,-0.0,-0.0,0.0,-3.103266445878613,0.014626000058474767,0.0,0.0,0.0,-0.0,0.0,0.0,0.05105686042105913,0.0,0.0,-0.0,-0.0,-0.0,-0.0,0.0,0.04960154459552216,0.0,-0.0,-0.0,0.0,-0.0,0.0387024471559453,0.01986985188273803,0.0,0.0,-0.0,0.0702382368015228,0.0,0.0,0.0,0.0,0.0,0.0,0.06943971959105333,0.0,0.0,3.763104674390001,-0.0,0.0,0.0,0.0,0.0,-0.0
4479405,-0.0,0.0,0.011157673704803438,0.0,0.0,0.0,0.0,0.0,-0.0,-0.0,0.0,-0.0,0.0,0.0,0.0,0.0,-0.0,-0.0,-0.6437247025961449,0.0,0.0074823696538083295,0.0,0.0,-0.0,-0.6546301657481594,0.0,-0.0,-0.0,0.0,0.0015938501373262554,0.0,0.0,-0.0,-0.7994050978360551,-0.0,-0.0,-0.0,0.0,0.0,0.0,-1.21341151914465,-0.0,0.0,0.0,0.0,0.03059531885462384,0.0,-0.0,-0.04128090758780202,0.0,0.0,0.0,0.0,0.0,-0.0,0.0,0.0,0.0,0.1301215390295113,0.0,0.0,-0.0,-0.0,0.0,-0.059435593420588836,0.0,-0.0,-0.0,0.0,-0.3258915207216446,0.0,0.0,0.0,0.0,0.008901807281533412,-0.028033288579340634,-0.0,0.0,0.0,0.0,0.016308946554881742,0.0,0.0,0.0,0.0,0.0,0.0,-0.0,0.0,-0.0,0.12651169902885473,0.0,0.0,0.03604993850519318,-0.0,4.001751102989851,-0.10253228537511301,0.0,0.0,0.0,-0.0
4479989,0.0,-0.0,0.0,0.0,0.0,0.0,0.0,-0.0,0.0,-0.0,0.0,-0.0,0.0,-0.0,0.0,0.0,-0.0,-0.0,-0.1273640507241401,-0.0,0.07011531879211322,-0.0,0.0,-0.2230132490846704,-0.0,0.0,-0.0,-0.0,0.0,0.060423439243950536,-0.0,0.0,0.0,-0.0,-0.0,-0.0,-0.0,-0.0,0.0,0.0,-0.0,-0.08407613150514447,0.0,-0.0,0.0,0.0,0.0,-0.0,-0.0,0.0,0.01565988294302985,0.0,0.0,0.0,-0.010406937837025731,0.0,-0.14075862928614574,0.0,0.13137017597279405,0.0,0.0,-0.0344890640975542,-0.44965522691128657,0.0,-0.10234516422268942,-0.0,0.0,0.0,0.0,0.0,0.0,0.0,-0.0,0.0,0.02558880970041348,0.0,-0.10069400595115958,0.0,0.0025344466495285517,-0.0,0.0,-0.0,0.0,0.035716784593290515,0.0,0.07139421492630278,0.0,0.0,0.0,-0.0,0.0474867737507903,-0.0,0.0,0.013176647242587304,0.0,-0.10253228537511301,1.605919479348386,0.0,0.0,0.0,-0.0
4481131,-0.0,0.08569503897052198,0.025513248188384727,0.0,0.0,-0.0,-0.09288722770514675,0.0,0.0,0.08802689906443052,0.0008991872473077395,-0.09461845821090815,-0.0,0.0,0.020577795716245725,0.13848262231768838,0.0482869113100307,0.03068514017093947,0.0,0.005493674062299163,0.0,0.005739582344026384,-0.1452852007074008,0.0,0.0,-0.17452418890171473,0.06447679892508905,0.04114440131243609,0.0,0.0,0.0873955231348467,-0.019408256387684522,0.0,0.0,0.0,0.0,0.0,0.0,0.0650084462352248,0.0,0.0,0.045659403417465494,0.0,0.0,0.0,-0.0,0.0,0.0,0.0,-0.2856661322455007,0.0,0.0,-0.056615162101777375,0.0,0.0,-0.09753137195394236,-0.0,0.0,0.0,0.003155358485052856,-0.0,0.0,0.009170711556785179,-0.0,0.0,0.0,-0.0,0.0,-0.04119475241613653,0.0,0.0,-0.21292044207174582,0.0,-0.030743205900802054,0.0,0.08947796598131001,0.0,-0.23430403774353065,-0.0,0.030377258863174758,-0.0,0.0,-0.0,-0.0,-0.0,-0.0,-0.0,-0.013136966320686852,-0.04151005806983267,0.1279304515464343,0.0031841894981118335,0.0,-0.4014890822148582,-0.08243479881335435,0.0,0.0,0.0,2.187352750858265,-0.0,-0.0,0.06988471851966609
4481427,0.013666670617968966,0.0,0.0,0.0,0.0,-0.2527324879106825,-0.0,-0.0,0.03825677262956598,0.0,0.0,-0.0,0.0,0.0,0.0,0.003363954915693461,0.0,0.0,0.0,0.003475315086289031,0.0,0.0,-0.10423612929360275,0.0,0.0,-0.0,0.0,0.0,-0.0,-0.0,0.0002003823911755631,-0.058048498544756244,0.01325447750952398,0.004677478732903223,0.0,0.0,0.0,0.0,0.0,-0.0,0.0,0.0,0.0,0.0,0.0,-0.03717391957645902,0.0,0.04760092451227409,0.025472972823366566,-0.17577250502385927,0.0,0.0,-0.014045457848352032,0.0,0.04707928147534245,-0.08399291208535929,-0.0,0.0,-0.09153242641880639,0.0,0.0,0.0,0.0,-0.11339832028035003,0.0,-0.0,0.0,0.0,-0.0,0.0,0.0,0.0,0.0,-0.0,-0.0,0.0,0.0,-0.2797883796650561,-0.0,0.0,-0.027783303234810416,0.0,-0.0,0.0,0.0,-0.0,-0.0,0.0,-0.0,0.0,0.0,-0.010874414625863374,-0.0,-0.0,0.0,0.0,0.0,-0.0,1.4556740443715104,-0.0,0.0
4481613,-0.0,0.0,0.0010861408548125048,-0.0,-0.0,-0.0,0.0,0.0,0.0,0.0,-0.0,-0.0,-0.10131783478490304,-0.0,0.0,-0.0,0.0,0.0,0.017540479468431673,0.0,-0.004688128519763343,-0.05258633022596526,0.0,0.0,0.005343814213069141,0.0,0.025914273882040997,-0.0,-0.0,0.0,0.006987778951241107,-0.0058475943056185,0.0,0.0,-0.0,0.17798887468691982,0.0,0.0,0.07794556494185893,-0.0,0.0,0.0,-0.08941872209322153,0.0,0.012704068996952887,0.0,-0.01526162955363735,0.0,0.0,-0.0,0.0020084056231482947,0.0,-0.0,0.0,-0.0,-0.05471894623392594,-0.0,0.012769147755756959,0.0,0.0,-0.04666781352789383,0.0,0.0,0.0,0.0,0.0,-0.0,-0.0,-0.0,0.0,-0.15585645580342733,-0.0,0.04217670332551865,-0.010465600534082742,-0.0,0.02542147770698598,0.0,-0.015147410636267497,-0.0,0.0,-0.0,0.0,-0.0,0.0,-0.0,0.0,0.0,-0.0,-0.0,0.0,0.0,0.0,-0.03353296013060779,-0.0,0.0,0.0,0.0,-0.0,-0.0,1.1459759302323698,-0.09514632028163249
4481861,0.0,-0.0,-0.0,0.0,-0.0,0.0,0.0,0.0,0.0,-0.0,0.0,0.0,0.0,-0.0,-0.0,-0.20823537060774783,-0.0,-0.0,-0.0,-0.0,-0.0,-0.8930002804940129,0.039139536941953476,-0.0,0.0,0.0,-0.0,-0.0022056683383721506,0.0,0.0,-0.0,0.021403528895468413,0.0,-0.0,-0.0,-0.0,-0.0,-0.1581232499165256,0.0,0.0,-0.0,-0.0,-0.0,-0.0,0.0,0.0,0.0,-0.0,-0.04354805563750387,0.0,-0.0,-0.0,0.07575751506864516,0.0,-0.0,0.0,0.0,0.0,0.04893667317110566,0.0,0.0014625682503913787,-0.0,-0.025873482690682806,0.0,-0.0,0.02096797723090149,0.0,0.0,0.0,0.0,-0.0,0.0,-0.0,0.0,0.0,-0.0,-0.0,0.0,-0.0,-0.0,-0.0,-0.0,0.0,0.0,0.0,0.06897319874663534,0.0,0.0,0.0,-0.0,-0.0,0.0,0.0,0.0,-0.0,-0.0,-0.0,0.06988471851966609,0.0,-0.09514632028163249,1.7796096113512867
