	time	accuracy	hamming	method	tol	rtol	p	N	l1
block-boyd_tol_1e-05_rtol_1e-06_p_1000_N_2000_l1_0.05	0.7502634375014168	0.1240103355024275	1374	block-boyd	1e-05	1e-06	1000	2000	0.05
block-boyd_tol_1e-05_rtol_1e-05_p_1000_N_2000_l1_0.05	0.7740294324976276	0.1240103355024275	1374	block-boyd	1e-05	1e-05	1000	2000	0.05
block-boyd_tol_1e-05_rtol_1e-07_p_1000_N_2000_l1_0.05	0.8111077920002572	0.1240103355024275	1374	block-boyd	1e-05	1e-07	1000	2000	0.05
block-boyd_tol_1e-06_rtol_1e-05_p_1000_N_2000_l1_0.05	1.6871789149954566	0.027032943760925292	2582	block-boyd	1e-06	1e-05	1000	2000	0.05
block-boyd_tol_1e-06_rtol_1e-07_p_1000_N_2000_l1_0.05	2.08656052349761	0.02703294376060484	2582	block-boyd	1e-06	1e-07	1000	2000	0.05
block-boyd_tol_1e-06_rtol_1e-06_p_1000_N_2000_l1_0.05	2.116653953002242	0.02703294376060484	2582	block-boyd	1e-06	1e-06	1000	2000	0.05
block-boyd_tol_1e-07_rtol_1e-07_p_1000_N_2000_l1_0.05	3.6156467584987695	0.002832753892253687	2890	block-boyd	1e-07	1e-07	1000	2000	0.05
block-boyd_tol_1e-07_rtol_1e-06_p_1000_N_2000_l1_0.05	3.9732703264999145	0.0028327538922874795	2890	block-boyd	1e-07	1e-06	1000	2000	0.05
block-boyd_tol_1e-07_rtol_1e-05_p_1000_N_2000_l1_0.05	4.503817162498308	0.0028327538926340976	2890	block-boyd	1e-07	1e-05	1000	2000	0.05
regain_tol_0.0001_rtol_1e-05_p_1000_N_2000_l1_0.05	3.399279992998345	0.004929764661477059	2858	regain	0.0001	1e-05	1000	2000	0.05
regain_tol_0.0001_rtol_0.0001_p_1000_N_2000_l1_0.05	3.473454780993052	0.004929764661477059	2858	regain	0.0001	0.0001	1000	2000	0.05
regain_tol_0.0001_rtol_1e-06_p_1000_N_2000_l1_0.05	3.6145968884811737	0.004929764661477059	2858	regain	0.0001	1e-06	1000	2000	0.05
regain_tol_1e-05_rtol_0.0001_p_1000_N_2000_l1_0.05	5.373414069006685	0.0007307869483459888	2950	regain	1e-05	0.0001	1000	2000	0.05
regain_tol_1e-05_rtol_1e-05_p_1000_N_2000_l1_0.05	5.528473176484113	0.0004337739315614754	2974	regain	1e-05	1e-05	1000	2000	0.05
regain_tol_1e-05_rtol_1e-06_p_1000_N_2000_l1_0.05	5.670093998487573	0.0004337739315614754	2974	regain	1e-05	1e-06	1000	2000	0.05
regain_tol_1e-06_rtol_0.0001_p_1000_N_2000_l1_0.05	6.895659051500843	0.00016175007746096082	2994	regain	1e-06	0.0001	1000	2000	0.05
regain_tol_1e-06_rtol_1e-05_p_1000_N_2000_l1_0.05	9.499890481005423	3.2008339343888244e-05	3022	regain	1e-06	1e-05	1000	2000	0.05
regain_tol_1e-06_rtol_1e-06_p_1000_N_2000_l1_0.05	10.177271770502557	2.3280532924620345e-05	3026	regain	1e-06	1e-06	1000	2000	0.05
single-boyd_tol_1e-05_rtol_1e-05_p_1000_N_2000_l1_0.05	0.6331178344989894	0.12432332522384411	1374	single-boyd	1e-05	1e-05	1000	2000	0.05
single-boyd_tol_1e-05_rtol_1e-07_p_1000_N_2000_l1_0.05	0.6490860605008493	0.12432332522384411	1374	single-boyd	1e-05	1e-07	1000	2000	0.05
single-boyd_tol_1e-05_rtol_1e-06_p_1000_N_2000_l1_0.05	0.7082332920035697	0.12432332522384411	1374	single-boyd	1e-05	1e-06	1000	2000	0.05
single-boyd_tol_1e-06_rtol_1e-05_p_1000_N_2000_l1_0.05	1.6968481859985332	0.027081834443854362	2582	single-boyd	1e-06	1e-05	1000	2000	0.05
single-boyd_tol_1e-06_rtol_1e-06_p_1000_N_2000_l1_0.05	1.6979841275024228	0.027081834443854362	2582	single-boyd	1e-06	1e-06	1000	2000	0.05
single-boyd_tol_1e-06_rtol_1e-07_p_1000_N_2000_l1_0.05	1.7117077154980507	0.027081834443854362	2582	single-boyd	1e-06	1e-07	1000	2000	0.05
single-boyd_tol_1e-07_rtol_1e-07_p_1000_N_2000_l1_0.05	3.3069298989976232	0.0028357231140524073	2890	single-boyd	1e-07	1e-07	1000	2000	0.05
single-boyd_tol_1e-07_rtol_1e-06_p_1000_N_2000_l1_0.05	3.3269864750036504	0.0028357231140524073	2890	single-boyd	1e-07	1e-06	1000	2000	0.05
single-boyd_tol_1e-07_rtol_1e-05_p_1000_N_2000_l1_0.05	3.3594112480022886	0.0028357231140524073	2890	single-boyd	1e-07	1e-05	1000	2000	0.05
sklearn_tol_0.1_enet_0.1_p_1000_N_2000_l1_0.05	8.096995419502491	0.0004686714003327447	3024	sklearn	0.1	0.1	1000	2000	0.05
sklearn_tol_0.1_enet_0.5_p_1000_N_2000_l1_0.05	32.64605604999815	0.0004708314255351363	3024	sklearn	0.1	0.5	1000	2000	0.05
sklearn_tol_0.01_enet_0.1_p_1000_N_2000_l1_0.05	44.68078430100286	4.7385680119413595e-05	3024	sklearn	0.01	0.1	1000	2000	0.05
sklearn_tol_0.01_enet_0.5_p_1000_N_2000_l1_0.05	60.4831867699977	4.761509620513675e-05	3024	sklearn	0.01	0.5	1000	2000	0.05
block-boyd_tol_1e-05_rtol_1e-07_p_1000_N_2000_l1_0.1	0.6507978219997312	0.0014003486097455618	642	block-boyd	1e-05	1e-07	1000	2000	0.1
block-boyd_tol_1e-05_rtol_1e-06_p_1000_N_2000_l1_0.1	0.6541666115008411	0.0014003486097455618	642	block-boyd	1e-05	1e-06	1000	2000	0.1
block-boyd_tol_1e-05_rtol_1e-05_p_1000_N_2000_l1_0.1	0.6549373584966816	0.0014003786167440485	642	block-boyd	1e-05	1e-05	1000	2000	0.1
block-boyd_tol_1e-06_rtol_1e-06_p_1000_N_2000_l1_0.1	0.7891808370004583	3.72126747062499e-05	658	block-boyd	1e-06	1e-06	1000	2000	0.1
block-boyd_tol_1e-06_rtol_1e-05_p_1000_N_2000_l1_0.1	0.8013292414980242	4.662367484862525e-05	656	block-boyd	1e-06	1e-05	1000	2000	0.1
block-boyd_tol_1e-06_rtol_1e-07_p_1000_N_2000_l1_0.1	0.8752151784974558	3.718486103146349e-05	658	block-boyd	1e-06	1e-07	1000	2000	0.1
block-boyd_tol_1e-07_rtol_1e-07_p_1000_N_2000_l1_0.1	0.9879920759995002	4.6690388675148226e-06	660	block-boyd	1e-07	1e-07	1000	2000	0.1
block-boyd_tol_1e-07_rtol_1e-05_p_1000_N_2000_l1_0.1	1.0416139289991406	1.1248418644965772e-05	658	block-boyd	1e-07	1e-05	1000	2000	0.1
block-boyd_tol_1e-07_rtol_1e-06_p_1000_N_2000_l1_0.1	1.171414950000326	4.9095302148132675e-06	660	block-boyd	1e-07	1e-06	1000	2000	0.1
regain_tol_0.0001_rtol_1e-05_p_1000_N_2000_l1_0.1	2.8572713324829238	0.004575733096322617	642	regain	0.0001	1e-05	1000	2000	0.1
regain_tol_0.0001_rtol_0.0001_p_1000_N_2000_l1_0.1	3.07849313900806	0.004575733096322617	642	regain	0.0001	0.0001	1000	2000	0.1
regain_tol_0.0001_rtol_1e-06_p_1000_N_2000_l1_0.1	3.7877123810030753	0.004575733096322617	642	regain	0.0001	1e-06	1000	2000	0.1
regain_tol_1e-05_rtol_0.0001_p_1000_N_2000_l1_0.1	5.856991217995528	9.637686084524294e-05	658	regain	1e-05	0.0001	1000	2000	0.1
regain_tol_1e-05_rtol_1e-06_p_1000_N_2000_l1_0.1	6.447118573487387	4.515136925665052e-05	658	regain	1e-05	1e-06	1000	2000	0.1
regain_tol_1e-05_rtol_1e-05_p_1000_N_2000_l1_0.1	6.525403029998415	4.515136925665052e-05	658	regain	1e-05	1e-05	1000	2000	0.1
regain_tol_1e-06_rtol_0.0001_p_1000_N_2000_l1_0.1	6.955534484484815	3.7824485899099957e-05	658	regain	1e-06	0.0001	1000	2000	0.1
regain_tol_1e-06_rtol_1e-05_p_1000_N_2000_l1_0.1	8.75293932200293	2.0944903296460168e-05	660	regain	1e-06	1e-05	1000	2000	0.1
regain_tol_1e-06_rtol_1e-06_p_1000_N_2000_l1_0.1	8.85787540700403	1.7520228925114967e-05	660	regain	1e-06	1e-06	1000	2000	0.1
single-boyd_tol_1e-05_rtol_1e-06_p_1000_N_2000_l1_0.1	0.6068746710006963	0.09995775478855772	686	single-boyd	1e-05	1e-06	1000	2000	0.1
single-boyd_tol_1e-05_rtol_1e-05_p_1000_N_2000_l1_0.1	0.6178051050010254	0.09995775478855772	686	single-boyd	1e-05	1e-05	1000	2000	0.1
single-boyd_tol_1e-05_rtol_1e-07_p_1000_N_2000_l1_0.1	0.6417110430011235	0.09995775478855772	686	single-boyd	1e-05	1e-07	1000	2000	0.1
single-boyd_tol_1e-06_rtol_1e-05_p_1000_N_2000_l1_0.1	1.441862621002656	0.02440095814201252	636	single-boyd	1e-06	1e-05	1000	2000	0.1
single-boyd_tol_1e-06_rtol_1e-06_p_1000_N_2000_l1_0.1	1.4461428029972012	0.02440095814201252	636	single-boyd	1e-06	1e-06	1000	2000	0.1
single-boyd_tol_1e-06_rtol_1e-07_p_1000_N_2000_l1_0.1	1.4831405945005827	0.02440095814201252	636	single-boyd	1e-06	1e-07	1000	2000	0.1
single-boyd_tol_1e-07_rtol_1e-07_p_1000_N_2000_l1_0.1	3.0261320425015583	0.001725504856983759	648	single-boyd	1e-07	1e-07	1000	2000	0.1
single-boyd_tol_1e-07_rtol_1e-06_p_1000_N_2000_l1_0.1	3.080790339001396	0.001725504856983759	648	single-boyd	1e-07	1e-06	1000	2000	0.1
single-boyd_tol_1e-07_rtol_1e-05_p_1000_N_2000_l1_0.1	3.1653087554986996	0.001725504856983759	648	single-boyd	1e-07	1e-05	1000	2000	0.1
sklearn_tol_0.1_enet_0.1_p_1000_N_2000_l1_0.1	6.798756837495603	0.0004425886495037435	660	sklearn	0.1	0.1	1000	2000	0.1
sklearn_tol_0.1_enet_0.5_p_1000_N_2000_l1_0.1	24.539505539501988	0.0004297774282561501	660	sklearn	0.1	0.5	1000	2000	0.1
sklearn_tol_0.01_enet_0.1_p_1000_N_2000_l1_0.1	38.811836064494855	4.2655065235914887e-05	660	sklearn	0.01	0.1	1000	2000	0.1
sklearn_tol_0.01_enet_0.5_p_1000_N_2000_l1_0.1	40.51839536349871	4.228069102910763e-05	660	sklearn	0.01	0.5	1000	2000	0.1
block-boyd_tol_1e-06_rtol_1e-06_p_1000_N_2000_l1_0.5	0.08751265300088562	3.573079547653038e-06	1942	block-boyd	1e-06	1e-06	1000	2000	0.5
block-boyd_tol_1e-06_rtol_1e-05_p_1000_N_2000_l1_0.5	0.08756560050096596	3.573079547653038e-06	1942	block-boyd	1e-06	1e-05	1000	2000	0.5
block-boyd_tol_1e-05_rtol_1e-06_p_1000_N_2000_l1_0.5	0.08759588249813532	3.782022857184168e-06	1942	block-boyd	1e-05	1e-06	1000	2000	0.5
block-boyd_tol_1e-05_rtol_1e-05_p_1000_N_2000_l1_0.5	0.08789825299754739	3.782022857184168e-06	1942	block-boyd	1e-05	1e-05	1000	2000	0.5
block-boyd_tol_1e-05_rtol_1e-07_p_1000_N_2000_l1_0.5	0.08958731500024442	3.782022857184168e-06	1942	block-boyd	1e-05	1e-07	1000	2000	0.5
block-boyd_tol_1e-06_rtol_1e-07_p_1000_N_2000_l1_0.5	0.09272889850399224	3.573079547653038e-06	1942	block-boyd	1e-06	1e-07	1000	2000	0.5
block-boyd_tol_1e-07_rtol_1e-07_p_1000_N_2000_l1_0.5	0.09578753499954473	1.9501971054569797e-07	1942	block-boyd	1e-07	1e-07	1000	2000	0.5
block-boyd_tol_1e-07_rtol_1e-06_p_1000_N_2000_l1_0.5	0.09800671900302405	1.9501971054569797e-07	1942	block-boyd	1e-07	1e-06	1000	2000	0.5
block-boyd_tol_1e-07_rtol_1e-05_p_1000_N_2000_l1_0.5	0.15230994599551195	4.225960317289158e-07	1942	block-boyd	1e-07	1e-05	1000	2000	0.5
regain_tol_0.0001_rtol_1e-05_p_1000_N_2000_l1_0.5	2.7182851844845572	0.003344320667307492	1942	regain	0.0001	1e-05	1000	2000	0.5
regain_tol_0.0001_rtol_0.0001_p_1000_N_2000_l1_0.5	2.9225821040017763	0.003344320667307492	1942	regain	0.0001	0.0001	1000	2000	0.5
regain_tol_0.0001_rtol_1e-06_p_1000_N_2000_l1_0.5	3.1186588700074935	0.003344320667307492	1942	regain	0.0001	1e-06	1000	2000	0.5
regain_tol_1e-05_rtol_0.0001_p_1000_N_2000_l1_0.5	5.059667148496374	9.383075553092558e-05	1942	regain	1e-05	0.0001	1000	2000	0.5
regain_tol_1e-05_rtol_1e-05_p_1000_N_2000_l1_0.5	5.611816885502776	4.6754489344318714e-05	1942	regain	1e-05	1e-05	1000	2000	0.5
regain_tol_1e-05_rtol_1e-06_p_1000_N_2000_l1_0.5	5.623817352505284	4.6754489344318714e-05	1942	regain	1e-05	1e-06	1000	2000	0.5
regain_tol_1e-06_rtol_0.0001_p_1000_N_2000_l1_0.5	6.094754602003377	3.506831044223017e-05	1942	regain	1e-06	0.0001	1000	2000	0.5
regain_tol_1e-06_rtol_1e-05_p_1000_N_2000_l1_0.5	6.769856163504301	2.6095363848608862e-05	1942	regain	1e-06	1e-05	1000	2000	0.5
regain_tol_1e-06_rtol_1e-06_p_1000_N_2000_l1_0.5	7.025931288997526	2.365630063452139e-05	1942	regain	1e-06	1e-06	1000	2000	0.5
single-boyd_tol_1e-05_rtol_1e-06_p_1000_N_2000_l1_0.5	0.5674960639989877	0.07195731293247734	1980	single-boyd	1e-05	1e-06	1000	2000	0.5
single-boyd_tol_1e-05_rtol_1e-07_p_1000_N_2000_l1_0.5	0.6020809055007703	0.07195731293247734	1980	single-boyd	1e-05	1e-07	1000	2000	0.5
single-boyd_tol_1e-05_rtol_1e-05_p_1000_N_2000_l1_0.5	0.64603468399946	0.07195731293247734	1980	single-boyd	1e-05	1e-05	1000	2000	0.5
single-boyd_tol_1e-06_rtol_1e-05_p_1000_N_2000_l1_0.5	1.3560150839985	0.015022956216245248	1942	single-boyd	1e-06	1e-05	1000	2000	0.5
single-boyd_tol_1e-06_rtol_1e-06_p_1000_N_2000_l1_0.5	1.4010158910023165	0.015022956216245248	1942	single-boyd	1e-06	1e-06	1000	2000	0.5
single-boyd_tol_1e-06_rtol_1e-07_p_1000_N_2000_l1_0.5	1.5380782114989415	0.015022956216245248	1942	single-boyd	1e-06	1e-07	1000	2000	0.5
single-boyd_tol_1e-07_rtol_1e-06_p_1000_N_2000_l1_0.5	2.886885396997968	0.0011243812221377848	1942	single-boyd	1e-07	1e-06	1000	2000	0.5
single-boyd_tol_1e-07_rtol_1e-07_p_1000_N_2000_l1_0.5	2.892567594502907	0.0011243812221377848	1942	single-boyd	1e-07	1e-07	1000	2000	0.5
single-boyd_tol_1e-07_rtol_1e-05_p_1000_N_2000_l1_0.5	2.899220505998528	0.0011243812221377848	1942	single-boyd	1e-07	1e-05	1000	2000	0.5
sklearn_tol_0.1_enet_0.5_p_1000_N_2000_l1_0.5	2.1182634929973574	0.0001331328613993911	1942	sklearn	0.1	0.5	1000	2000	0.5
sklearn_tol_0.1_enet_0.1_p_1000_N_2000_l1_0.5	2.335623946004489	9.747228912104733e-05	1942	sklearn	0.1	0.1	1000	2000	0.5
sklearn_tol_0.01_enet_0.1_p_1000_N_2000_l1_0.5	4.206857541001227	3.669005165960046e-05	1942	sklearn	0.01	0.1	1000	2000	0.5
sklearn_tol_0.01_enet_0.5_p_1000_N_2000_l1_0.5	4.512327884498518	2.004789282374276e-05	1942	sklearn	0.01	0.5	1000	2000	0.5
block-boyd_tol_1e-05_rtol_1e-06_p_2000_N_4000_l1_0.05	2.2780153044986946	0.007908380088749474	2388	block-boyd	1e-05	1e-06	2000	4000	0.05
block-boyd_tol_1e-05_rtol_1e-05_p_2000_N_4000_l1_0.05	2.306028109000181	0.007908430027310384	2388	block-boyd	1e-05	1e-05	2000	4000	0.05
block-boyd_tol_1e-05_rtol_1e-07_p_2000_N_4000_l1_0.05	2.3266906930002733	0.00790837936723082	2388	block-boyd	1e-05	1e-07	2000	4000	0.05
block-boyd_tol_1e-06_rtol_1e-05_p_2000_N_4000_l1_0.05	2.7499401355016744	0.0008767555132217104	2396	block-boyd	1e-06	1e-05	2000	4000	0.05
block-boyd_tol_1e-06_rtol_1e-07_p_2000_N_4000_l1_0.05	2.795721209502517	0.0008767436313047004	2396	block-boyd	1e-06	1e-07	2000	4000	0.05
block-boyd_tol_1e-06_rtol_1e-06_p_2000_N_4000_l1_0.05	2.8433891800013953	0.0008767443226510518	2396	block-boyd	1e-06	1e-06	2000	4000	0.05
block-boyd_tol_1e-07_rtol_1e-05_p_2000_N_4000_l1_0.05	3.13126568950247	8.853564130075282e-05	2396	block-boyd	1e-07	1e-05	2000	4000	0.05
block-boyd_tol_1e-07_rtol_1e-07_p_2000_N_4000_l1_0.05	3.2225831499999913	8.849276739245673e-05	2396	block-boyd	1e-07	1e-07	2000	4000	0.05
block-boyd_tol_1e-07_rtol_1e-06_p_2000_N_4000_l1_0.05	3.3072834925005736	8.849430962318555e-05	2396	block-boyd	1e-07	1e-06	2000	4000	0.05
regain_tol_0.0001_rtol_0.0001_p_2000_N_4000_l1_0.05	17.676479409012245	0.010639071492763693	2318	regain	0.0001	0.0001	2000	4000	0.05
regain_tol_0.0001_rtol_1e-05_p_2000_N_4000_l1_0.05	18.16883188749489	0.010639071492763693	2318	regain	0.0001	1e-05	2000	4000	0.05
regain_tol_0.0001_rtol_1e-06_p_2000_N_4000_l1_0.05	18.30879455448303	0.010639071492763693	2318	regain	0.0001	1e-06	2000	4000	0.05
regain_tol_1e-05_rtol_0.0001_p_2000_N_4000_l1_0.05	38.95645979001711	0.00017818558421047132	2376	regain	1e-05	0.0001	2000	4000	0.05
regain_tol_1e-05_rtol_1e-05_p_2000_N_4000_l1_0.05	40.52311449800618	0.00015482275731383132	2384	regain	1e-05	1e-05	2000	4000	0.05
regain_tol_1e-05_rtol_1e-06_p_2000_N_4000_l1_0.05	41.50271842049551	0.00015482275731383132	2384	regain	1e-05	1e-06	2000	4000	0.05
regain_tol_1e-06_rtol_0.0001_p_2000_N_4000_l1_0.05	43.97532350450638	0.0001166970596004117	2388	regain	1e-06	0.0001	2000	4000	0.05
regain_tol_1e-06_rtol_1e-05_p_2000_N_4000_l1_0.05	52.94677162350854	5.2563319383019636e-05	2390	regain	1e-06	1e-05	2000	4000	0.05
regain_tol_1e-06_rtol_1e-06_p_2000_N_4000_l1_0.05	56.37825449249067	4.0282716419219926e-05	2394	regain	1e-06	1e-06	2000	4000	0.05
single-boyd_tol_1e-05_rtol_1e-06_p_2000_N_4000_l1_0.05	1.5602097430019057	0.47382241731290436	3810	single-boyd	1e-05	1e-06	2000	4000	0.05
single-boyd_tol_1e-05_rtol_1e-05_p_2000_N_4000_l1_0.05	1.5872476594995533	0.47382241731290436	3810	single-boyd	1e-05	1e-05	2000	4000	0.05
single-boyd_tol_1e-05_rtol_1e-07_p_2000_N_4000_l1_0.05	1.58874347749952	0.47382241731290436	3810	single-boyd	1e-05	1e-07	2000	4000	0.05
single-boyd_tol_1e-06_rtol_1e-05_p_2000_N_4000_l1_0.05	13.771947643497697	0.09912962107537718	2350	single-boyd	1e-06	1e-05	2000	4000	0.05
single-boyd_tol_1e-06_rtol_1e-07_p_2000_N_4000_l1_0.05	13.873235242499504	0.09912962107537718	2350	single-boyd	1e-06	1e-07	2000	4000	0.05
single-boyd_tol_1e-06_rtol_1e-06_p_2000_N_4000_l1_0.05	14.342326877500454	0.09912962107537718	2350	single-boyd	1e-06	1e-06	2000	4000	0.05
single-boyd_tol_1e-07_rtol_1e-07_p_2000_N_4000_l1_0.05	36.18829501300206	0.010337200956149237	2394	single-boyd	1e-07	1e-07	2000	4000	0.05
single-boyd_tol_1e-07_rtol_1e-06_p_2000_N_4000_l1_0.05	37.12412598350056	0.010337200956149237	2394	single-boyd	1e-07	1e-06	2000	4000	0.05
single-boyd_tol_1e-07_rtol_1e-05_p_2000_N_4000_l1_0.05	38.72256692600058	0.010337200956149237	2394	single-boyd	1e-07	1e-05	2000	4000	0.05
sklearn_tol_0.1_enet_0.1_p_2000_N_4000_l1_0.05	1407.767082313505	0.00018289226034570965	2396	sklearn	0.1	0.1	2000	4000	0.05
sklearn_tol_0.01_enet_0.1_p_2000_N_4000_l1_0.05	1548.9791304984974	0.00018289226034570965	2396	sklearn	0.01	0.1	2000	4000	0.05
block-boyd_tol_1e-05_rtol_1e-05_p_2000_N_4000_l1_0.1	0.26638991000072565	0.0009392258962505187	3862	block-boyd	1e-05	1e-05	2000	4000	0.1
block-boyd_tol_1e-05_rtol_1e-07_p_2000_N_4000_l1_0.1	0.27799392549786717	0.0009392258962505187	3862	block-boyd	1e-05	1e-07	2000	4000	0.1
block-boyd_tol_1e-05_rtol_1e-06_p_2000_N_4000_l1_0.1	0.28310202099964954	0.0009392258962505187	3862	block-boyd	1e-05	1e-06	2000	4000	0.1
block-boyd_tol_1e-06_rtol_1e-07_p_2000_N_4000_l1_0.1	0.28432409750530496	9.580589844686696e-05	3862	block-boyd	1e-06	1e-07	2000	4000	0.1
block-boyd_tol_1e-07_rtol_1e-05_p_2000_N_4000_l1_0.1	0.28957658449871815	1.0020849210364158e-05	3862	block-boyd	1e-07	1e-05	2000	4000	0.1
block-boyd_tol_1e-06_rtol_1e-06_p_2000_N_4000_l1_0.1	0.29671286849770695	9.580589844686696e-05	3862	block-boyd	1e-06	1e-06	2000	4000	0.1
block-boyd_tol_1e-07_rtol_1e-07_p_2000_N_4000_l1_0.1	0.29978125799971167	1.0020427960003587e-05	3862	block-boyd	1e-07	1e-07	2000	4000	0.1
block-boyd_tol_1e-06_rtol_1e-05_p_2000_N_4000_l1_0.1	0.30470600799890235	9.580607852672155e-05	3862	block-boyd	1e-06	1e-05	2000	4000	0.1
block-boyd_tol_1e-07_rtol_1e-06_p_2000_N_4000_l1_0.1	0.3054416470004071	1.0020439595529066e-05	3862	block-boyd	1e-07	1e-06	2000	4000	0.1
regain_tol_0.0001_rtol_1e-05_p_2000_N_4000_l1_0.1	17.78085993701825	0.010211349318434614	3862	regain	0.0001	1e-05	2000	4000	0.1
regain_tol_0.0001_rtol_1e-06_p_2000_N_4000_l1_0.1	18.008870763500454	0.010211349318434614	3862	regain	0.0001	1e-06	2000	4000	0.1
regain_tol_0.0001_rtol_0.0001_p_2000_N_4000_l1_0.1	18.09428534550534	0.010211349318434614	3862	regain	0.0001	0.0001	2000	4000	0.1
regain_tol_1e-05_rtol_0.0001_p_2000_N_4000_l1_0.1	35.636939576492296	0.00023027972033359364	3862	regain	1e-05	0.0001	2000	4000	0.1
regain_tol_1e-05_rtol_1e-06_p_2000_N_4000_l1_0.1	37.016780466001364	0.0002145426944287409	3862	regain	1e-05	1e-06	2000	4000	0.1
regain_tol_1e-05_rtol_1e-05_p_2000_N_4000_l1_0.1	37.1477898430021	0.0002145426944287409	3862	regain	1e-05	1e-05	2000	4000	0.1
regain_tol_1e-06_rtol_0.0001_p_2000_N_4000_l1_0.1	40.771594617996016	0.0001864015019425306	3862	regain	1e-06	0.0001	2000	4000	0.1
regain_tol_1e-06_rtol_1e-05_p_2000_N_4000_l1_0.1	50.11364135397889	0.00012250058965147228	3862	regain	1e-06	1e-05	2000	4000	0.1
regain_tol_1e-06_rtol_1e-06_p_2000_N_4000_l1_0.1	51.68261118950613	0.00011423465242040715	3862	regain	1e-06	1e-06	2000	4000	0.1
single-boyd_tol_1e-05_rtol_1e-07_p_2000_N_4000_l1_0.1	1.5037466444955498	0.4721157545032998	3980	single-boyd	1e-05	1e-07	2000	4000	0.1
single-boyd_tol_1e-05_rtol_1e-06_p_2000_N_4000_l1_0.1	1.5094827194989193	0.4721157545032998	3980	single-boyd	1e-05	1e-06	2000	4000	0.1
single-boyd_tol_1e-05_rtol_1e-05_p_2000_N_4000_l1_0.1	1.5418263274987112	0.4721157545032998	3980	single-boyd	1e-05	1e-05	2000	4000	0.1
single-boyd_tol_1e-06_rtol_1e-06_p_2000_N_4000_l1_0.1	13.797525478501484	0.09759074891948466	3862	single-boyd	1e-06	1e-06	2000	4000	0.1
single-boyd_tol_1e-06_rtol_1e-07_p_2000_N_4000_l1_0.1	14.190724484000384	0.09759074891948466	3862	single-boyd	1e-06	1e-07	2000	4000	0.1
single-boyd_tol_1e-06_rtol_1e-05_p_2000_N_4000_l1_0.1	14.390304399497836	0.09759074891948466	3862	single-boyd	1e-06	1e-05	2000	4000	0.1
single-boyd_tol_1e-07_rtol_1e-07_p_2000_N_4000_l1_0.1	34.23656524949911	0.011346820367737858	3862	single-boyd	1e-07	1e-07	2000	4000	0.1
single-boyd_tol_1e-07_rtol_1e-06_p_2000_N_4000_l1_0.1	35.01897120549984	0.011346820367737858	3862	single-boyd	1e-07	1e-06	2000	4000	0.1
single-boyd_tol_1e-07_rtol_1e-05_p_2000_N_4000_l1_0.1	37.02897689149904	0.011346820367737858	3862	single-boyd	1e-07	1e-05	2000	4000	0.1
sklearn_tol_0.1_enet_0.1_p_2000_N_4000_l1_0.1	13.713037096997141	0.0003646622997352867	3862	sklearn	0.1	0.1	2000	4000	0.1
sklearn_tol_0.01_enet_0.1_p_2000_N_4000_l1_0.1	1546.4892692259964	3.235072222630746e-05	3862	sklearn	0.01	0.1	2000	4000	0.1
block-boyd_tol_1e-06_rtol_1e-06_p_2000_N_4000_l1_0.5	0.2676868705020752	6.460810796781034e-05	3864	block-boyd	1e-06	1e-06	2000	4000	0.5
block-boyd_tol_1e-06_rtol_1e-05_p_2000_N_4000_l1_0.5	0.2757451764991856	7.76088202353455e-05	3864	block-boyd	1e-06	1e-05	2000	4000	0.5
block-boyd_tol_1e-06_rtol_1e-07_p_2000_N_4000_l1_0.5	0.28273152750261943	6.460810796781034e-05	3864	block-boyd	1e-06	1e-07	2000	4000	0.5
block-boyd_tol_1e-05_rtol_1e-07_p_2000_N_4000_l1_0.5	0.2833186224997917	0.000709993973731177	3864	block-boyd	1e-05	1e-07	2000	4000	0.5
block-boyd_tol_1e-07_rtol_1e-07_p_2000_N_4000_l1_0.5	0.287292951499694	7.240033298799431e-06	3864	block-boyd	1e-07	1e-07	2000	4000	0.5
block-boyd_tol_1e-05_rtol_1e-06_p_2000_N_4000_l1_0.5	0.2905668474995764	0.000709993973731177	3864	block-boyd	1e-05	1e-06	2000	4000	0.5
block-boyd_tol_1e-07_rtol_1e-06_p_2000_N_4000_l1_0.5	0.29371537300539785	7.240033298799431e-06	3864	block-boyd	1e-07	1e-06	2000	4000	0.5
block-boyd_tol_1e-07_rtol_1e-05_p_2000_N_4000_l1_0.5	0.29705691449998994	1.041234447753053e-05	3864	block-boyd	1e-07	1e-05	2000	4000	0.5
block-boyd_tol_1e-05_rtol_1e-05_p_2000_N_4000_l1_0.5	0.3041241009996156	0.000709993973731177	3864	block-boyd	1e-05	1e-05	2000	4000	0.5
regain_tol_0.0001_rtol_1e-05_p_2000_N_4000_l1_0.5	20.877138865515008	0.010721328823565591	3864	regain	0.0001	1e-05	2000	4000	0.5
regain_tol_0.0001_rtol_1e-06_p_2000_N_4000_l1_0.5	21.235349309514277	0.010721328823565591	3864	regain	0.0001	1e-06	2000	4000	0.5
regain_tol_0.0001_rtol_0.0001_p_2000_N_4000_l1_0.5	21.364103290994535	0.010721328823565591	3864	regain	0.0001	0.0001	2000	4000	0.5
regain_tol_1e-05_rtol_0.0001_p_2000_N_4000_l1_0.5	32.31213380749978	0.00010736403672991533	3864	regain	1e-05	0.0001	2000	4000	0.5
regain_tol_1e-05_rtol_1e-05_p_2000_N_4000_l1_0.5	33.518594533001306	9.373728678293059e-05	3864	regain	1e-05	1e-05	2000	4000	0.5
regain_tol_1e-05_rtol_1e-06_p_2000_N_4000_l1_0.5	33.970195207497454	9.373728678293059e-05	3864	regain	1e-05	1e-06	2000	4000	0.5
regain_tol_1e-06_rtol_0.0001_p_2000_N_4000_l1_0.5	35.7575832529983	8.739697184672476e-05	3864	regain	1e-06	0.0001	2000	4000	0.5
regain_tol_1e-06_rtol_1e-05_p_2000_N_4000_l1_0.5	38.327292124013184	7.59865393966286e-05	3864	regain	1e-06	1e-05	2000	4000	0.5
regain_tol_1e-06_rtol_1e-06_p_2000_N_4000_l1_0.5	40.54134612399503	7.085587023987399e-05	3864	regain	1e-06	1e-06	2000	4000	0.5
single-boyd_tol_1e-05_rtol_1e-07_p_2000_N_4000_l1_0.5	1.4850307300002896	0.4703727535752695	3980	single-boyd	1e-05	1e-07	2000	4000	0.5
single-boyd_tol_1e-05_rtol_1e-06_p_2000_N_4000_l1_0.5	1.5427818989992375	0.4703727535752695	3980	single-boyd	1e-05	1e-06	2000	4000	0.5
single-boyd_tol_1e-05_rtol_1e-05_p_2000_N_4000_l1_0.5	1.6058111769962125	0.4703727535752695	3980	single-boyd	1e-05	1e-05	2000	4000	0.5
single-boyd_tol_1e-06_rtol_1e-07_p_2000_N_4000_l1_0.5	13.656418914499227	0.0969154291794447	3864	single-boyd	1e-06	1e-07	2000	4000	0.5
single-boyd_tol_1e-06_rtol_1e-06_p_2000_N_4000_l1_0.5	13.832658477502264	0.0969154291794447	3864	single-boyd	1e-06	1e-06	2000	4000	0.5
single-boyd_tol_1e-06_rtol_1e-05_p_2000_N_4000_l1_0.5	14.01697590799813	0.0969154291794447	3864	single-boyd	1e-06	1e-05	2000	4000	0.5
single-boyd_tol_1e-07_rtol_1e-07_p_2000_N_4000_l1_0.5	34.50384598199889	0.011269618962759161	3864	single-boyd	1e-07	1e-07	2000	4000	0.5
single-boyd_tol_1e-07_rtol_1e-05_p_2000_N_4000_l1_0.5	34.58036828100376	0.011269618962759161	3864	single-boyd	1e-07	1e-05	2000	4000	0.5
single-boyd_tol_1e-07_rtol_1e-06_p_2000_N_4000_l1_0.5	34.62956106000274	0.011269618962759161	3864	single-boyd	1e-07	1e-06	2000	4000	0.5
sklearn_tol_0.1_enet_0.1_p_2000_N_4000_l1_0.5	14.247678946499946	4.350708458833566e-06	3864	sklearn	0.1	0.1	2000	4000	0.5
sklearn_tol_0.01_enet_0.1_p_2000_N_4000_l1_0.5	14.420594107999932	4.350708458833566e-06	3864	sklearn	0.01	0.1	2000	4000	0.5
block-boyd_tol_1e-05_rtol_1e-06_p_5000_N_10000_l1_0.05	6.267733357501129	0.0008113274961653722	3522	block-boyd	1e-05	1e-06	5000	10000	0.05
block-boyd_tol_1e-05_rtol_1e-07_p_5000_N_10000_l1_0.05	6.330672392999986	0.0008113236874624411	3522	block-boyd	1e-05	1e-07	5000	10000	0.05
block-boyd_tol_1e-05_rtol_1e-05_p_5000_N_10000_l1_0.05	6.925664422000409	0.0008129827892190776	3522	block-boyd	1e-05	1e-05	5000	10000	0.05
block-boyd_tol_1e-06_rtol_1e-05_p_5000_N_10000_l1_0.05	7.066111352000007	8.332084034814271e-05	3524	block-boyd	1e-06	1e-05	5000	10000	0.05
block-boyd_tol_1e-06_rtol_1e-06_p_5000_N_10000_l1_0.05	7.519225590003771	8.288614227055147e-05	3524	block-boyd	1e-06	1e-06	5000	10000	0.05
block-boyd_tol_1e-06_rtol_1e-07_p_5000_N_10000_l1_0.05	7.620100242002081	8.287704640128396e-05	3524	block-boyd	1e-06	1e-07	5000	10000	0.05
block-boyd_tol_1e-07_rtol_1e-06_p_5000_N_10000_l1_0.05	8.028890802499518	8.72147455939316e-06	3526	block-boyd	1e-07	1e-06	5000	10000	0.05
block-boyd_tol_1e-07_rtol_1e-05_p_5000_N_10000_l1_0.05	8.22373882300235	9.149213058829458e-06	3526	block-boyd	1e-07	1e-05	5000	10000	0.05
block-boyd_tol_1e-07_rtol_1e-07_p_5000_N_10000_l1_0.05	8.32400765499915	8.689460724227464e-06	3526	block-boyd	1e-07	1e-07	5000	10000	0.05
regain_tol_0.0001_rtol_0.0001_p_5000_N_10000_l1_0.05	248.31303876299353	0.015880885868608696	3512	regain	0.0001	0.0001	5000	10000	0.05
regain_tol_0.0001_rtol_1e-05_p_5000_N_10000_l1_0.05	249.1188158839941	0.015880885868608696	3512	regain	0.0001	1e-05	5000	10000	0.05
regain_tol_0.0001_rtol_1e-06_p_5000_N_10000_l1_0.05	270.6617909269844	0.011187851300225432	3512	regain	0.0001	1e-06	5000	10000	0.05
regain_tol_1e-05_rtol_0.0001_p_5000_N_10000_l1_0.05	404.3150026235089	0.001423531143060337	3514	regain	1e-05	0.0001	5000	10000	0.05
regain_tol_1e-05_rtol_1e-05_p_5000_N_10000_l1_0.05	447.63849584700074	0.000722398009148406	3514	regain	1e-05	1e-05	5000	10000	0.05
regain_tol_1e-05_rtol_1e-06_p_5000_N_10000_l1_0.05	448.9959612029925	0.000722398009148406	3514	regain	1e-05	1e-06	5000	10000	0.05
regain_tol_1e-06_rtol_0.0001_p_5000_N_10000_l1_0.05	647.5421560905088	5.302500487328402e-05	3522	regain	1e-06	0.0001	5000	10000	0.05
regain_tol_1e-06_rtol_1e-05_p_5000_N_10000_l1_0.05	717.1973883599858	3.943810789550901e-05	3524	regain	1e-06	1e-05	5000	10000	0.05
regain_tol_1e-06_rtol_1e-06_p_5000_N_10000_l1_0.05	731.8471983604977	3.5881725994921214e-05	3524	regain	1e-06	1e-06	5000	10000	0.05
single-boyd_tol_1e-05_rtol_1e-06_p_5000_N_10000_l1_0.05	21.154374116995314	0.38239969230212323	6564	single-boyd	1e-05	1e-06	5000	10000	0.05
single-boyd_tol_1e-05_rtol_1e-05_p_5000_N_10000_l1_0.05	21.45913696450225	0.38239969230212323	6564	single-boyd	1e-05	1e-05	5000	10000	0.05
single-boyd_tol_1e-05_rtol_1e-07_p_5000_N_10000_l1_0.05	23.76013943450016	0.38239969230212323	6564	single-boyd	1e-05	1e-07	5000	10000	0.05
single-boyd_tol_1e-06_rtol_1e-06_p_5000_N_10000_l1_0.05	54.77736583949809	0.22717990444759623	3642	single-boyd	1e-06	1e-06	5000	10000	0.05
single-boyd_tol_1e-06_rtol_1e-05_p_5000_N_10000_l1_0.05	55.61825681650225	0.22717990444759623	3642	single-boyd	1e-06	1e-05	5000	10000	0.05
single-boyd_tol_1e-06_rtol_1e-07_p_5000_N_10000_l1_0.05	62.94229296150297	0.22717990444759623	3642	single-boyd	1e-06	1e-07	5000	10000	0.05
single-boyd_tol_1e-07_rtol_1e-07_p_5000_N_10000_l1_0.05	215.00068475450098	0.03415519016085754	3514	single-boyd	1e-07	1e-07	5000	10000	0.05
single-boyd_tol_1e-07_rtol_1e-05_p_5000_N_10000_l1_0.05	219.60030987400023	0.03415519016085754	3514	single-boyd	1e-07	1e-05	5000	10000	0.05
single-boyd_tol_1e-07_rtol_1e-06_p_5000_N_10000_l1_0.05	224.20595240449984	0.03415519016085754	3514	single-boyd	1e-07	1e-06	5000	10000	0.05
sklearn_tol_0.1_enet_0.1_p_5000_N_10000_l1_0.05	7440.317475458498	0.00012860009138879232	3526	sklearn	0.1	0.1	5000	10000	0.05
sklearn_tol_0.01_enet_0.1_p_5000_N_10000_l1_0.05	21453.021622766	5.3032437703078544e-05	3526	sklearn	0.01	0.1	5000	10000	0.05
block-boyd_tol_1e-05_rtol_1e-06_p_5000_N_10000_l1_0.1	3.277573316496273	0.00035018703219018364	8308	block-boyd	1e-05	1e-06	5000	10000	0.1
block-boyd_tol_1e-05_rtol_1e-05_p_5000_N_10000_l1_0.1	3.3923175550007727	0.0003502095239074692	8308	block-boyd	1e-05	1e-05	5000	10000	0.1
block-boyd_tol_1e-07_rtol_1e-05_p_5000_N_10000_l1_0.1	3.843443079498684	4.435518389043363e-06	8308	block-boyd	1e-07	1e-05	5000	10000	0.1
block-boyd_tol_1e-06_rtol_1e-06_p_5000_N_10000_l1_0.1	3.9742157890032104	3.5766162863688426e-05	8308	block-boyd	1e-06	1e-06	5000	10000	0.1
block-boyd_tol_1e-07_rtol_1e-07_p_5000_N_10000_l1_0.1	4.0826697164993675	3.654424033695915e-06	8308	block-boyd	1e-07	1e-07	5000	10000	0.1
block-boyd_tol_1e-07_rtol_1e-06_p_5000_N_10000_l1_0.1	4.12663937999605	3.7254132242303596e-06	8308	block-boyd	1e-07	1e-06	5000	10000	0.1
block-boyd_tol_1e-06_rtol_1e-07_p_5000_N_10000_l1_0.1	4.1648860439963755	3.576287109198601e-05	8308	block-boyd	1e-06	1e-07	5000	10000	0.1
block-boyd_tol_1e-06_rtol_1e-05_p_5000_N_10000_l1_0.1	4.336804792998009	3.6143569106925955e-05	8308	block-boyd	1e-06	1e-05	5000	10000	0.1
block-boyd_tol_1e-05_rtol_1e-07_p_5000_N_10000_l1_0.1	4.541862153000693	0.00035018515000917065	8308	block-boyd	1e-05	1e-07	5000	10000	0.1
regain_tol_0.0001_rtol_1e-05_p_5000_N_10000_l1_0.1	249.10977442200237	0.01290384708862239	8310	regain	0.0001	1e-05	5000	10000	0.1
regain_tol_0.0001_rtol_1e-06_p_5000_N_10000_l1_0.1	249.43388754449552	0.01290384708862239	8310	regain	0.0001	1e-06	5000	10000	0.1
regain_tol_0.0001_rtol_0.0001_p_5000_N_10000_l1_0.1	251.7637924265	0.01290384708862239	8310	regain	0.0001	0.0001	5000	10000	0.1
regain_tol_1e-05_rtol_0.0001_p_5000_N_10000_l1_0.1	382.9121775454987	0.001362175274002642	8308	regain	1e-05	0.0001	5000	10000	0.1
regain_tol_1e-05_rtol_1e-05_p_5000_N_10000_l1_0.1	427.8324807704921	0.0006463158464310884	8308	regain	1e-05	1e-05	5000	10000	0.1
regain_tol_1e-05_rtol_1e-06_p_5000_N_10000_l1_0.1	451.51652327251213	0.0004458101665898844	8308	regain	1e-05	1e-06	5000	10000	0.1
regain_tol_1e-06_rtol_0.0001_p_5000_N_10000_l1_0.1	606.289018887488	5.11908238885936e-05	8308	regain	1e-06	0.0001	5000	10000	0.1
regain_tol_1e-06_rtol_1e-05_p_5000_N_10000_l1_0.1	675.1253584265069	3.725386898622779e-05	8308	regain	1e-06	1e-05	5000	10000	0.1
regain_tol_1e-06_rtol_1e-06_p_5000_N_10000_l1_0.1	692.3698524140054	3.351659171796138e-05	8308	regain	1e-06	1e-06	5000	10000	0.1
single-boyd_tol_1e-05_rtol_1e-07_p_5000_N_10000_l1_0.1	18.477071841003635	0.37177286178456664	9908	single-boyd	1e-05	1e-07	5000	10000	0.1
single-boyd_tol_1e-05_rtol_1e-05_p_5000_N_10000_l1_0.1	19.031963468503818	0.37177286178456664	9908	single-boyd	1e-05	1e-05	5000	10000	0.1
single-boyd_tol_1e-05_rtol_1e-06_p_5000_N_10000_l1_0.1	19.384914154998114	0.37177286178456664	9908	single-boyd	1e-05	1e-06	5000	10000	0.1
single-boyd_tol_1e-06_rtol_1e-06_p_5000_N_10000_l1_0.1	53.73445143150093	0.21671800593823926	8774	single-boyd	1e-06	1e-06	5000	10000	0.1
single-boyd_tol_1e-06_rtol_1e-05_p_5000_N_10000_l1_0.1	54.38737959599894	0.21671800593823926	8774	single-boyd	1e-06	1e-05	5000	10000	0.1
single-boyd_tol_1e-06_rtol_1e-07_p_5000_N_10000_l1_0.1	58.2250792804989	0.21671800593823926	8774	single-boyd	1e-06	1e-07	5000	10000	0.1
single-boyd_tol_1e-07_rtol_1e-07_p_5000_N_10000_l1_0.1	213.28493496800365	0.029125112206459535	8308	single-boyd	1e-07	1e-07	5000	10000	0.1
single-boyd_tol_1e-07_rtol_1e-05_p_5000_N_10000_l1_0.1	220.75512531750064	0.029125112206459535	8308	single-boyd	1e-07	1e-05	5000	10000	0.1
single-boyd_tol_1e-07_rtol_1e-06_p_5000_N_10000_l1_0.1	234.1164622164979	0.029125112206459535	8308	single-boyd	1e-07	1e-06	5000	10000	0.1
sklearn_tol_0.1_enet_0.1_p_5000_N_10000_l1_0.1	3052.3009707299934	0.0001280252727455737	8308	sklearn	0.1	0.1	5000	10000	0.1
sklearn_tol_0.01_enet_0.1_p_5000_N_10000_l1_0.1	15414.076037522507	1.2737882747632607e-05	8308	sklearn	0.01	0.1	5000	10000	0.1
block-boyd_tol_1e-07_rtol_1e-06_p_5000_N_10000_l1_0.5	1.7843831589998445	1.5744945824101128e-06	9904	block-boyd	1e-07	1e-06	5000	10000	0.5
block-boyd_tol_1e-05_rtol_1e-05_p_5000_N_10000_l1_0.5	1.7975691375031602	0.00013078298140670774	9904	block-boyd	1e-05	1e-05	5000	10000	0.5
block-boyd_tol_1e-07_rtol_1e-05_p_5000_N_10000_l1_0.5	1.868462971498957	2.7294377226692788e-06	9904	block-boyd	1e-07	1e-05	5000	10000	0.5
block-boyd_tol_1e-06_rtol_1e-07_p_5000_N_10000_l1_0.5	1.9132157339990954	1.4274328417948263e-05	9904	block-boyd	1e-06	1e-07	5000	10000	0.5
block-boyd_tol_1e-05_rtol_1e-06_p_5000_N_10000_l1_0.5	1.916507863003062	0.00013078298140670774	9904	block-boyd	1e-05	1e-06	5000	10000	0.5
block-boyd_tol_1e-07_rtol_1e-07_p_5000_N_10000_l1_0.5	1.9338139499996032	1.5744945824101128e-06	9904	block-boyd	1e-07	1e-07	5000	10000	0.5
block-boyd_tol_1e-06_rtol_1e-06_p_5000_N_10000_l1_0.5	2.0081796910017147	1.4274328417948263e-05	9904	block-boyd	1e-06	1e-06	5000	10000	0.5
block-boyd_tol_1e-06_rtol_1e-05_p_5000_N_10000_l1_0.5	2.135380212996097	1.4274328417948263e-05	9904	block-boyd	1e-06	1e-05	5000	10000	0.5
block-boyd_tol_1e-05_rtol_1e-07_p_5000_N_10000_l1_0.5	2.428586855501635	0.00013078298140670774	9904	block-boyd	1e-05	1e-07	5000	10000	0.5
regain_tol_0.0001_rtol_1e-06_p_5000_N_10000_l1_0.5	249.1792651850119	0.012331371371750851	9904	regain	0.0001	1e-06	5000	10000	0.5
regain_tol_0.0001_rtol_1e-05_p_5000_N_10000_l1_0.5	250.2040815375076	0.012331371371750851	9904	regain	0.0001	1e-05	5000	10000	0.5
regain_tol_0.0001_rtol_0.0001_p_5000_N_10000_l1_0.5	252.0373618135054	0.012331371371750851	9904	regain	0.0001	0.0001	5000	10000	0.5
regain_tol_1e-05_rtol_0.0001_p_5000_N_10000_l1_0.5	360.8640655174968	0.0004865512896680056	9904	regain	1e-05	0.0001	5000	10000	0.5
regain_tol_1e-05_rtol_1e-05_p_5000_N_10000_l1_0.5	405.6584154815064	0.00013439421331847587	9904	regain	1e-05	1e-05	5000	10000	0.5
regain_tol_1e-05_rtol_1e-06_p_5000_N_10000_l1_0.5	428.64921348801	9.263373974243078e-05	9904	regain	1e-05	1e-06	5000	10000	0.5
regain_tol_1e-06_rtol_0.0001_p_5000_N_10000_l1_0.5	473.1379268015007	6.79697337559768e-05	9904	regain	1e-06	0.0001	5000	10000	0.5
regain_tol_1e-06_rtol_1e-06_p_5000_N_10000_l1_0.5	541.1202258809935	4.943894739545214e-05	9904	regain	1e-06	1e-06	5000	10000	0.5
regain_tol_1e-06_rtol_1e-05_p_5000_N_10000_l1_0.5	542.1320225139934	4.943894739545214e-05	9904	regain	1e-06	1e-05	5000	10000	0.5
single-boyd_tol_1e-05_rtol_1e-05_p_5000_N_10000_l1_0.5	18.011868877998495	0.37035237648909547	9980	single-boyd	1e-05	1e-05	5000	10000	0.5
single-boyd_tol_1e-05_rtol_1e-06_p_5000_N_10000_l1_0.5	18.33775974049786	0.37035237648909547	9980	single-boyd	1e-05	1e-06	5000	10000	0.5
single-boyd_tol_1e-05_rtol_1e-07_p_5000_N_10000_l1_0.5	18.539921787501953	0.37035237648909547	9980	single-boyd	1e-05	1e-07	5000	10000	0.5
single-boyd_tol_1e-06_rtol_1e-05_p_5000_N_10000_l1_0.5	50.01528489049815	0.21554231718452121	9980	single-boyd	1e-06	1e-05	5000	10000	0.5
single-boyd_tol_1e-06_rtol_1e-07_p_5000_N_10000_l1_0.5	52.085000402497826	0.21554231718452121	9980	single-boyd	1e-06	1e-07	5000	10000	0.5
single-boyd_tol_1e-06_rtol_1e-06_p_5000_N_10000_l1_0.5	52.51559566850119	0.21554231718452121	9980	single-boyd	1e-06	1e-06	5000	10000	0.5
single-boyd_tol_1e-07_rtol_1e-05_p_5000_N_10000_l1_0.5	191.8445441624972	0.03567140641283639	9904	single-boyd	1e-07	1e-05	5000	10000	0.5
single-boyd_tol_1e-07_rtol_1e-07_p_5000_N_10000_l1_0.5	195.72735025850125	0.03567140641283639	9904	single-boyd	1e-07	1e-07	5000	10000	0.5
single-boyd_tol_1e-07_rtol_1e-06_p_5000_N_10000_l1_0.5	212.71340851900095	0.03567140641283639	9904	single-boyd	1e-07	1e-06	5000	10000	0.5
sklearn_tol_0.1_enet_0.1_p_5000_N_10000_l1_0.5	198.44795996799803	2.1340130791797998e-05	9904	sklearn	0.1	0.1	5000	10000	0.5
sklearn_tol_0.01_enet_0.1_p_5000_N_10000_l1_0.5	246.27041657399968	6.552775919746201e-06	9904	sklearn	0.01	0.1	5000	10000	0.5
