,9819,9939,10180,15806,29012,181589,281015,329096,386899,504674,536866,538000,541119,552376,554163,566243,606927,691423,724120,767863,797229,810831,811492,813457,814442,923151,952003,960131,979261,996487,1000269,1000986,1061772,1096610,1097208,1951826,2654263,2751958,3128077,3225199,3228684,3244896,3531225,3540765,3825935,3908639,3970651,4014120,4111715,4130483,4295564,4312974,4316928,4327628,4328189,4328910,4330071,4344883,4347159,4354477,4359590,4363066,4364814,4365130,4368600,4375000,4384058,4387208,4390410,4396235,4411138,4414596,4416113,4418165,4420570,4424239,4425214,4427114,4437024,4439603,4442130,4445673,4446058,4448331,4449851,4452050,4453060,4453535,4454531,4455767,4458306,4461030,4468234,4469722,4471251,4473883,4475758,4477696,4479397,4479989,4483006
9819,2.816855836810583,-0.217055356841868,-0.5251249145849293,0.0,0.0,0.0,-0.017093329231946675,-0.11180627403561086,0.0,0.0,0.0,-0.0,-0.0,-0.0,-0.0,0.0,0.0,-0.0,-0.0,0.0,-0.0,-0.0,-0.0,-0.0,-0.0,0.05325343668559197,-0.0,0.0,-0.0,0.0,-0.0,0.0,0.0,0.0,0.0,0.0,-0.0,0.0,0.0825259260700208,0.0,0.0,0.0032478665098553683,0.0,0.0,-0.0,-0.0,-0.0,0.0,0.0,0.0,0.0,0.0,0.0,-0.4979323745334773,-0.40872873751452365,0.0,0.0,0.0,0.0,0.0,0.0,-0.0,0.0,0.07392873105166939,-0.630880047556927,0.0,-0.0,0.0,-0.0,0.0,0.0,0.0,-0.0,-0.35650319873836434,0.0,0.0,-0.0,0.0,0.0,-0.0,0.0,0.0,0.0,0.0,-0.0,-0.023847423407287197,0.0,0.0,0.0,0.0,0.0,-0.0,0.0,-0.0,-0.0,0.0,0.0,0.0,0.0,0.0,0.0
9939,-0.217055356841868,1.5538967732375029,-0.0,-0.0,0.003442036938315185,0.0,-0.0,-0.0,-0.0,0.0,0.0,-0.0,-0.0,-0.0,-0.0,0.0,-0.0,-0.0,0.0,0.0,-0.0,-0.04172106438306809,-0.0,-0.0,-0.0,0.0,0.0,0.0,-0.0,0.04180831645610264,-0.0,-0.0,0.0,0.0,0.0,0.0,-0.0,0.0,-0.0,0.0,-0.0,0.0,0.0,-0.6427968365044727,-0.0,0.0,-0.003920834658143593,0.0,0.0,0.0,0.011073996016019674,0.0,0.0,-0.0,-0.06989115691479039,0.0,0.0,-0.0,0.0,0.0,0.06686181900850613,0.0,-0.0,0.0,-0.0,0.0,-0.0,0.0,-0.1243572148576591,0.0,0.0,0.0,0.0,-0.0,0.0,0.0,0.0,0.07208434821983814,0.029622299633416366,0.0,0.0,0.0,0.0,0.0,-0.0,-0.4237271190964179,0.0,0.0,0.0,0.0,0.0,0.0,0.0,-0.0,-0.0,0.0,0.0,0.0,0.0,0.0,0.0
10180,-0.5251249145849293,-0.0,3.66722901468257,0.0,0.0,0.0,-0.0,-0.4047369549629514,0.0,-0.0,-0.0,-0.0,-0.0,-0.0,-0.0,0.0,0.0,-0.0,-0.0,0.0,-0.0,-0.3795301515323513,-0.0,-0.0,-0.0,0.12413745836079718,-0.0,0.0,-0.0,0.0,-0.0,0.0,0.0,0.11081835781853089,0.0,0.0,0.0,0.0,0.0,0.0,0.0,0.0,0.0,0.0,0.0,0.0,-0.0,0.0,0.0,0.0,0.0,0.0,0.0,-1.3014283687451509,-0.0,0.0,0.0,0.0,0.0,0.0,0.0,-0.0,0.0,0.0,-0.0,0.0,-0.0,0.0,0.0,0.0,0.01418617891511001,0.0,-0.6287981268543996,-0.4594878238846887,0.0,-0.0,-0.0,0.014666606938153318,0.0,-0.0,0.0,0.0,0.0,0.0,-0.0,-0.0,0.0,0.0,0.0,-0.0,0.0,-0.0,0.0,0.0,-0.0,0.0,0.0,0.0,0.0,0.0,0.0
15806,0.0,-0.0,0.0,1.2195812989656336,-0.0,-0.0,-0.0,0.0,-0.0,0.02306718356692944,-0.0,-0.0,-0.0,-0.0,0.0,0.0,-0.0,-0.0,-0.0,0.0,0.0,0.0,-0.0,-0.0,0.0,-0.0,0.0,-0.0,-0.0,-0.0,0.0,0.0,-0.0,-0.0,-0.0,0.0,0.0,0.0,-0.0,-0.00866159407172054,-0.0,0.0,0.0,-0.0,0.0,-0.0,0.0,-0.0,0.0,-0.0,-0.0,-0.0,0.0,0.0,0.0,0.0,-0.0,0.0,0.027378817326802307,0.0,0.073877458150966,0.0784443256305537,-0.22943946292221717,0.0,0.0,0.0,0.0,0.0,-0.0,-0.0,0.0,-0.004875099750733358,0.11744161749200066,0.0,-0.11557842499780138,0.0,0.0,0.0,0.0,0.0,0.0,-0.0,-0.0,0.0,0.0,-0.0,0.0,0.0,0.0,0.0,0.0,0.0,0.0,-0.3274596224169486,0.0,0.0,-0.0,0.0,-0.0,0.0,-0.0
29012,0.0,0.003442036938315185,0.0,-0.0,1.9211587245309558,-0.49669651114183355,-0.0,0.0,-0.0,-0.0,0.0,0.0,-0.0,-0.0,0.0,-0.0,0.0,0.0,-0.0,0.0,0.0,0.0,0.0,0.0,0.0,-0.0,0.0,0.0,0.0,-0.0,-0.0,0.09110451181026216,-0.0,0.0,0.0,0.0,0.0,-0.0,0.0,-0.10423908788050884,0.0,0.0,-0.0,0.0,0.0,-0.0,0.0,-0.0,-0.0,-0.0,-0.20730840822582264,-0.0,0.0,0.0,0.0,-0.0,-0.12969401180086013,0.0,0.011875021239285924,-0.0,0.0,0.0,-0.0,-0.0,0.0,-0.0,0.0,0.0,0.0,-0.0,0.0,-0.6901421400373052,0.0,0.0,-0.0,0.0,0.028005268171925543,0.0,-0.0,0.033345117738339716,0.0,-0.0,0.0,0.0,0.0,0.0,0.0,0.006377161867319875,0.0,0.0,0.0,0.0,0.0,-0.0,0.0,0.0,0.0,0.11467640439506196,-0.0,0.0,-0.0
181589,0.0,0.0,0.0,-0.0,-0.49669651114183366,1.8476474020443594,0.0,0.0,-0.0,-0.0,0.0,0.04550283798484478,-0.0,0.0,0.0528129263320494,0.0,0.0,0.0,-0.0,0.0,0.0,0.0,0.0,0.0,0.0,-0.0,-0.0,-0.0,0.0,-0.0,-0.0,0.035101042386794123,-0.0,0.0,0.0,0.0,0.0,-0.0,0.0,-0.1026612434684254,0.0,0.0,0.0,0.0,0.0,-0.0,0.0,-0.0,0.0,-0.0,-0.3040533369203196,-0.09929871534943152,0.0,0.0,0.0,-0.0,-0.0,-0.0,0.00225552363376047,0.0,0.13246419841465423,0.0,-0.0,-0.002039750616306263,0.0,-0.0,0.0,0.0,-0.0,-0.010641860426058247,0.0,-0.32932566658953966,0.0,0.0,-0.21014292949136587,0.0,0.0,0.0,-0.0,0.0,0.0,-0.0,0.0,0.0,0.0,0.0,0.0,0.048579892715344325,0.0,0.0,0.0,0.0,0.0,-0.0,0.0,0.0,0.0,0.041478418211974816,-0.0,0.0,-0.0
281015,-0.017093329231946675,-0.0,-0.0,-0.0,-0.0,0.0,2.6215891858449076,-0.04333443568623638,0.0,0.0,0.0,-0.2714861016418112,-0.0,-0.9236005531134692,-0.34481544316060686,-0.0,0.0,-0.3031723709368632,0.0,0.0,-0.0,-0.0,-0.0,-0.0,-0.0,0.0,0.0,0.0,-0.0,0.0,-0.04892041796806948,0.04548277826331354,0.0,0.0,0.08540745950697762,-0.0,-0.0,-0.0,0.0,0.0,0.0,0.0,-0.0,0.0,-0.0,-0.0,-0.0,0.0,-0.0,0.0,0.0,0.0,0.0,-0.0,-0.16614860429776496,0.15158338287938875,-0.0,0.0,0.04779820562629582,-0.0,0.0,0.0,0.0,0.0,-0.07993689426320871,-0.05000662137827422,-0.07449302056733417,0.0,-0.0,0.0,0.0,0.0,0.0,-0.0,0.0,0.0,0.0028694759082223825,0.0,0.0,0.03581699592806509,0.0,0.018592943377420956,0.03365833237747605,-0.0,0.0,0.0,0.0,0.0,-0.0,0.0,0.0,0.0,0.0,-0.0,-0.0,0.0,0.0,0.0,-0.0,0.0,0.0
329096,-0.11180627403561086,-0.0,-0.4047369549629515,0.0,0.0,0.0,-0.04333443568623639,2.616916875654595,0.0,-0.0,0.0,-0.14805689303367792,0.03676803123627097,-0.0,-0.0,-0.2048525307368328,0.09211475241018813,-0.34902706454513555,-0.0,0.03927511835855019,-0.13908669332566354,-0.0,0.09026476712399628,0.09732211532426818,-0.0,0.0,-0.0,0.0,0.0,0.0,-0.0,0.0,0.0,0.01809306529272081,0.060775974192809765,-0.0,-0.0,0.0,0.0,0.0,0.0,0.0,-0.22175473091970954,0.0,-0.0,0.0,0.0,0.0,-0.03263343229206861,0.0,0.0,0.024774773360861285,0.0,-0.2951971537443433,-0.0,0.00460923915896963,0.0,0.0,0.10906158201318253,-0.16241511645204482,0.0,-0.0,0.0,-0.0,-0.0,-0.1462530901633628,0.0,0.0,-0.0,0.0,0.0,0.0,-0.28870926535152974,-0.0813085904565074,0.0,-0.0,0.0,0.0,0.0,0.0,0.0,0.0,0.0,-0.05727560140527142,0.0,0.0,0.0,0.0,-0.0,0.0,0.07787581003486999,0.0,-0.0,0.0,-0.0,-0.0,0.0,0.0,-0.0,0.0,0.0
386899,0.0,-0.0,0.0,-0.0,-0.0,-0.0,0.0,0.0,2.4808710905912337,0.0,0.0,0.0,0.0,0.0,0.0,0.0,0.0,0.0,0.0,-0.0,0.0,0.0,0.0,0.0,0.06703441275531852,-0.297742507275992,0.0,-0.02960567279088469,-0.052236189937876126,-0.2208093176494869,0.0,-0.0,-0.0,-0.0,-0.3991197749698593,0.0,0.033666547193879,0.0,0.0,-0.0,-0.0,0.0,0.0,-0.2687387310490831,0.0,0.0,0.0,-0.4215075994349219,0.0,-0.42488348136263465,-0.0,-0.0,0.0,0.039427969148697395,0.0,-0.0,-0.0,-0.0,0.0,0.0,0.004760882560967447,0.0,-0.23025592848881593,0.0,0.012194156437069462,0.0,0.0,0.0,-0.0015216900924985705,0.0,-0.0,-0.0,0.0,0.0003995904425587449,-0.0,0.055255741097395464,0.0,-0.0,0.06460400782318082,0.0,-0.0,-0.1761670539858235,-0.0,0.017120519038256024,0.0,0.0,0.0945639711635424,-0.0,0.0,0.010951259384766016,-0.0,0.0,0.0,-0.027359889723839084,0.0,0.0,-0.0,0.0014338422872977874,-0.0,0.0,-0.0
504674,0.0,0.0,-0.0,0.02306718356692944,-0.0,-0.0,0.0,-0.0,0.0,1.5551361351001232,0.0,0.10026858011953863,0.0,0.0,0.11314151661849162,0.0,-0.0,0.0,-0.0,-0.003727148983570211,0.0,0.0,0.0,0.0,0.0028468339853770924,-0.0,-0.09777437913019821,-0.0,0.0,-0.0,-0.0,-0.0,-0.015246929599987552,-0.0,-0.0,0.0,0.0,-0.5995441150426022,0.0,-0.0,0.0,-0.12123210031372628,0.0,0.0,0.0,0.0,-0.0,-0.0,0.0,-0.0,-0.0,-0.0,-0.058944123765376624,0.0,0.0,0.0,-0.20007135869842707,-0.0,-0.0,0.0,-0.0,-0.0,0.029832884648085256,-0.0,0.0,0.0,0.002748206331298436,-0.0,0.0,-0.0,-0.0,-0.0,-0.024721289927380305,0.0,0.0,0.0,0.024668174948566685,-0.0,-0.09710512504120364,-0.0,-0.0,0.07628244011286711,0.0,0.0,0.0,0.0,-0.0,-0.0,0.0,-0.0,0.0,0.0,0.0,0.0,-0.006163037257077883,0.0,0.0,0.0,0.09524947089779912,-0.0,-0.0
536866,0.0,0.0,-0.0,-0.0,0.0,0.0,0.0,0.0,0.0,0.0,2.6736763971872057,0.0,-0.0,0.0,0.0,0.0,-0.0,0.02326942306541087,-0.812977983361402,-0.0,0.0960922691998049,0.0,0.0,0.0,0.0,0.0,-0.0,-0.12939136273203558,0.0,0.0,0.0,-0.0,-0.0,-0.0,0.0,0.0,0.0,0.0,0.0,0.0,-0.0,0.0,0.0,0.0,0.0,0.0,0.004176270044344635,0.0,0.0,0.0,0.0,0.0,-0.0,-0.0,0.0,-0.04926417447622196,0.06638813071125504,0.034678708988593654,0.0,0.0,-0.0,0.0892151086354912,-0.0,0.0,0.0,0.0,0.0,-0.0,0.0,0.0,-0.0,0.0,-0.0,0.0,0.0,-0.530615667038922,-0.7929938355347427,0.0,-0.0,-0.15881544181066343,0.0,0.0,-0.0,0.0,0.0,0.0,-0.0,-0.0,0.0,-0.02316915756728688,-0.044037544861934855,0.0,0.09358174853190734,0.0,0.0,0.0,-0.03275122091826603,-0.0,0.0,0.0,0.0
538000,-0.0,-0.0,-0.0,-0.0,0.0,0.04550283798484478,-0.2714861016418112,-0.14805689303367792,0.0,0.10026858011953865,0.0,3.6161083301875507,0.0,-0.4803865738545491,-0.47170975991425834,-0.08347640829772723,0.0,-0.4110015497149285,0.0,0.0,-0.9397597928609449,-0.0,0.0,0.0,-0.0,0.0,0.0,0.0,-0.0,0.0,0.0,0.0,0.0,0.0,0.0,-0.0,-0.0,0.0,0.0,0.0,0.0,0.0,-0.08766516044395592,0.0,-0.0,0.0,0.0,0.0,-0.06591989400348874,0.0,0.0,0.08073201231605165,0.0,-0.0,-0.27387389566787473,0.034641424471347035,0.0094920394043298,0.0,0.0,-0.09737291940329013,0.0,-0.0,-0.0,0.0,-0.0,-0.010457563636742565,-0.0,0.0,-0.2822541635521579,0.1537142700721413,0.0,0.10192787837879824,0.0,-0.09046585473978697,0.0,0.0,0.0,0.0,0.19430294719058328,0.0,0.0,0.0,0.0,-0.0,0.0,-0.0,0.0,0.0,-0.05400177013907277,0.0,0.0,0.0,-0.0,0.0,0.0,-0.0,0.0,0.0,-0.0,0.0,0.0
541119,-0.0,-0.0,-0.0,-0.0,-0.0,-0.0,-0.0,0.036768031236270954,0.0,0.0,-0.0,0.0,3.5244879029307725,-0.0,-0.0,0.012555547060536743,-0.0,0.0,0.0,0.0,0.0,-0.0,-0.8123663834075258,-0.715339473472212,-0.2391184375653318,0.0,0.0,0.0,0.0,0.0,0.0,0.028142706336303364,0.0,0.0,0.0,0.09691066527968514,-0.0,0.0,0.0,0.0,0.0,0.0,0.009437011979272492,0.0,0.0,-0.04967580957518358,-0.0,0.0,0.0,0.0,-0.0,0.0,0.0,-0.0,-0.0,-0.0,0.0,0.0,-0.0,0.023725329909251386,-0.0,0.0,0.0,0.0,-0.0,0.0,-0.2132790629375928,-0.0,0.0,0.0,0.0,-0.0,0.0,-0.0,0.0,0.0,-0.0,0.0,0.0,0.0,0.0,0.0,0.0,0.0,-0.4417760059293947,-0.17052400060570116,0.0,0.07864096761872186,0.12809046171489843,0.0,-0.0,-0.5701381073105005,0.0,-0.0,0.0,0.0,-0.0,0.0,-0.0,0.00905589097241169,0.0
552376,-0.0,-0.0,-0.0,-0.0,-0.0,0.0,-0.9236005531134692,-0.0,0.0,0.0,0.0,-0.4803865738545491,-0.0,3.4030264985090453,-0.4538390869048865,-0.0,0.0,-0.40003231319188726,0.0,0.0,-0.14296436157355816,-0.0,-0.0,-0.0,-0.0,0.0,0.0,0.0,-0.0,0.0,-0.0,0.025851633934654186,0.0,0.0,0.0,-0.0,-0.0,0.0,0.0,0.0,0.0,0.0006117308505883406,-0.0,0.0,-0.0,-0.0,-0.0,0.0,-0.0,0.0,0.0,0.0,0.002309580222157076,-0.0,-0.3898544461863285,0.0,0.0,0.0,0.0,-0.0,0.0,0.0,-0.0,0.0,-0.07898951318221184,-0.0,-0.30627036959059617,0.0,-0.0,0.043690406824195005,0.0,0.0,0.024247967184916855,-0.2802306784793671,0.0,0.0,0.01889941511414489,0.0,0.0,0.027682132031594114,0.0,0.0,0.0,-0.0,-0.0,-0.0,0.0,0.04912724130118609,-0.0,0.0,0.0,-0.0,0.0,-0.0,-0.0,0.0,0.0,0.0,-0.0,0.0,0.0
554163,-0.0,-0.0,-0.0,0.0,0.0,0.0528129263320494,-0.3448154431606068,-0.0,0.0,0.11314151661849159,0.0,-0.47170975991425823,-0.0,-0.4538390869048865,4.2722938888327615,-0.0,0.0,-0.07394431734617946,0.0,0.0,-0.22630776340918063,-0.0,-0.0,-0.0,-1.028737337012847,0.0,0.04475524842224898,0.0074677297412439475,-0.0,0.0,0.0,0.0,0.13518761504496596,0.0,0.008317968310049273,-0.0,-0.0,0.0330124169563423,0.0,0.0008632441321327622,0.0,0.0,-0.0,0.0,-0.0,-0.0,-0.0,0.0,-0.0,0.0,0.0,0.013692352365686153,0.0,-0.0,-0.0,0.0,0.1256706921352183,0.0,0.0,-0.0,0.0,0.0,0.0,0.0,-0.6848861785498237,-0.0,-0.6032462424646152,0.0,0.0,0.0,0.0,0.06606476011202839,0.0,-0.3370216614041941,0.0,0.0,0.0,0.0,0.030333915969832204,0.0,0.0,0.0,0.0,-0.0,-0.0,-0.0,0.0,0.0,-0.0,0.0,-0.0,-0.0,0.0,0.0,-0.0,0.0,0.0,0.0,-0.0,0.0,0.02300562810810529
566243,0.0,0.0,0.0,0.0,-0.0,0.0,-0.0,-0.2048525307368328,0.0,0.0,0.0,-0.08347640829772729,0.012555547060536729,-0.0,-0.0,4.99307967497705,0.0,-0.06243021959683984,0.0,0.0,-0.11493454905194989,-0.0,0.0280580900724499,0.046469197214669286,-0.0,0.0,0.0,0.0,0.0,0.0,0.0,0.037591101832126564,0.0,0.0,0.0,-0.6209897608186393,0.0,0.0,-0.0,-0.0,0.0,0.0,-0.7362473918393192,0.0,0.0,0.06519216901456593,0.0,0.0,-1.0764507058812698,0.0,-0.0,0.0,0.0,0.0,0.0,0.0,0.0,-0.0,0.0,-0.7703240150992764,0.0,0.0,-0.0,-0.0,0.0,-0.7171869134135062,0.0,0.0,-0.0,0.0,0.0,0.0,0.0,-0.0,0.0,0.0,0.0,0.0,0.0,0.0,0.0,0.0,0.0,-0.1872296773808173,0.0,0.13760819302700195,0.0,0.028219705105280435,-0.3324517160976537,0.0,0.0,0.0,-0.0,0.0,0.0,-0.0,0.0,2.0255167554328324e-07,-0.0,0.0,0.0
606927,0.0,-0.0,0.0,-0.0,0.0,0.0,0.0,0.09211475241018813,0.0,-0.0,-0.0,0.0,-0.0,0.0,0.0,0.0,1.10867508939977,0.0,-0.0,-0.0,0.0,0.0,-0.0,-0.0,0.0,0.0,-0.0,0.0,0.03976082666187028,0.0,0.0,-0.0,0.0,-0.0,-0.0,0.0,0.0,-0.0,-0.0,0.0,0.0,-0.0,0.0,-0.16574674469330133,0.0,-0.0,-0.0005547453875052871,0.0,0.0,0.0,0.0,0.0,-0.0,0.0,-0.0,-0.0,0.0,-0.18600540661573103,-0.03088285879741523,0.0,-0.0,0.0,-0.0,-0.0,0.0,0.0,0.0,-0.0,-0.0,0.0,-0.0,0.0,0.0,0.0,0.0,-0.0,0.0,-0.0,-0.0,-0.0,0.0,0.0,0.0,0.04149296281446471,-0.0,-0.0,-0.0,0.0,0.0,-0.0,0.0,-0.0,-0.0,0.0,0.0,0.0,0.0,0.0,0.0,0.0,0.0
691423,-0.0,-0.0,-0.0,-0.0,0.0,0.0,-0.3031723709368632,-0.34902706454513555,0.0,0.0,0.023269423065410882,-0.4110015497149285,0.0,-0.4000323131918872,-0.0739443173461794,-0.06243021959683984,0.0,2.4608553579029273,0.0,0.0002131223473936933,-0.15456092382340886,-0.0,0.0,0.0,-0.0,0.0,0.0,0.0,-0.0,0.0,-0.0,0.0,0.0,0.0,0.0,-0.0,-0.0,0.0,0.0,0.0,0.0,0.0,-0.10655283994594517,-0.0,-0.0,0.0,-0.0,0.0,-0.0,0.0,0.0,0.0,0.026417356142172055,-0.0,-0.2989675533164496,0.0,0.0,0.0,0.021542535178449507,-0.07334540785181254,0.0,-0.0,0.0,0.0,-0.0,-0.13523291066319998,-0.0,0.0,-0.0,0.0,0.0,0.0,0.0,-0.0,0.0,0.0,0.006417688965237506,0.0,0.0,0.0,0.0,0.0,0.045012917904823424,-0.0,0.0,0.0,0.0,0.0,-0.0,0.0,0.0,0.0,-0.0,0.0,-0.0,0.0,0.0,0.0,-0.0,0.0,0.0
724120,-0.0,0.0,-0.0,-0.0,-0.0,-0.0,0.0,-0.0,0.0,-0.0,-0.8129779833614019,0.0,0.0,0.0,0.0,0.0,-0.0,0.0,2.491462550970708,0.0,0.1768240490882403,0.0,0.0,0.0,0.004105078016002878,0.0,-0.0,-0.3081661206175903,0.0,0.0,-0.0,-0.0,-0.0,0.0,-0.0,0.01202817210368795,0.04813563283015743,-0.0,0.0,-0.0,0.0,0.0,0.0,0.0,0.0,0.021295725290430917,0.0,-0.0,0.0,-0.0,-0.0,0.0,-0.0,-0.0,0.0,0.0,-0.0,0.01779831205541582,0.19232323646778143,0.0,0.0,0.0,-0.0,0.0,0.0,0.0,0.0,0.0,-0.0,-0.0,-0.0,-0.0,-0.0,0.0,-0.0,-0.4420105072440772,-0.42095413817176874,0.0,-0.0,-0.027343313170260855,0.0,0.0,0.0,0.0,0.0,0.0,0.0,-0.0,0.0,-0.24574780072903085,0.0,0.0,0.015407600389243103,-0.0,0.0,0.0,0.0,0.02963395404656899,-0.0,0.0,-0.0
767863,0.0,0.0,0.0,0.0,0.0,0.0,0.0,0.03927511835855017,-0.0,-0.003727148983570211,-0.0,0.0,0.0,0.0,0.0,0.0,-0.0,0.00021312234739370717,0.0,3.945399011615785,0.00704161012015142,0.0,0.0,0.0,0.0,-0.0,-0.0,-0.08037278527876535,-0.0,-0.0,0.0,-0.0,-0.026967181042264823,-0.0,-0.0,0.0,0.0,-0.04421660875722952,0.0,0.0,-0.0,-0.0,0.0,0.0,0.0,0.028756531124575144,0.0,-0.0,0.0,-0.0,0.0,-0.0,-1.4745510786925227,0.0,0.0,0.0,-0.0,-0.0,-0.0,0.0,-0.0058510935491341565,0.0,0.0,0.0,0.0,0.0,0.0,-0.5568569294602415,0.0,0.0,-0.09923837233733723,0.0,0.0,0.07100503790226628,0.0,0.0,0.0,-1.3948434155154197,0.0,0.0,0.0,0.0,-0.0,0.06289480489569421,0.0,0.0,-0.41406192594103997,-0.02201077718240836,0.0,0.0,0.0,0.0,0.0,0.0,0.0,0.0,0.0,0.0,0.0,0.0,-0.0
797229,-0.0,-0.0,-0.0,0.0,0.0,0.0,-0.0,-0.13908669332566354,0.0,0.0,0.0960922691998049,-0.9397597928609449,0.0,-0.14296436157355816,-0.22630776340918068,-0.11493454905194989,0.0,-0.15456092382340886,0.17682404908824026,0.00704161012015142,3.8582377490594357,-0.0,0.0,0.0,-0.0,0.0,0.10877028539847322,0.05591038340765023,0.0,0.0,0.0,0.0,0.10375191245641946,0.007860712751113733,0.16556729377138202,-0.35125938341541946,-0.0,0.020109670651504014,0.0,0.015900600297484746,0.0,0.0,-0.07309922429155669,0.0,-0.0,0.0,0.0,0.0,-0.2608241520545837,0.060314424577615405,0.0,0.00976447472638925,0.0,-0.0,-0.0,0.0,0.0,0.0,0.0,-0.3340964708985063,0.0,-0.0,0.0,-0.0,-0.0,-0.13712644147958994,-0.0,0.0,-0.0,0.0,0.0,0.0,0.0,-0.0,0.0,0.0,0.0,0.0,0.06695908696402297,0.0,0.0,0.0,0.0,-0.6615753703288577,-0.0,-0.0,0.0,0.0,-0.15927818294815885,0.0,0.0,0.0,-0.0,0.0,-0.0,-0.0,0.0,0.0,-0.0,0.0,0.05026909952188843
810831,-0.0,-0.04172106438306811,-0.3795301515323513,0.0,0.0,0.0,-0.0,-0.0,0.0,0.0,0.0,-0.0,-0.0,-0.0,-0.0,-0.0,0.0,-0.0,0.0,0.0,-0.0,1.8853976103339467,-0.018198160831974466,-0.04933942261648902,-0.0,0.0,0.0,0.0,-0.0,0.0,0.0,0.0039545654125417995,0.0,0.0,0.0,-0.0,0.0,0.0,0.0,0.0,0.0,0.0,-0.0,0.0,0.0,-0.0,0.0,0.0,-0.0,0.0,0.0,0.0,0.0,-0.12520872930687593,-0.0,0.004619079393701292,0.0,0.0,0.01726195342707182,-0.0,0.0,0.0,0.0,0.0,-0.0,-0.0,-0.0,0.0,-0.0,0.0,0.0,0.0,0.0,-0.651443476816232,0.0,0.0,0.0,0.0,0.0789722019617301,0.0,0.0,0.0,0.0,-0.0,-0.029262101250964928,-0.18863862614262294,-0.0,0.06105667155229669,0.0,0.0,0.0,-0.0,0.0,-0.0,-0.0,0.0,0.0,0.0,-0.10605527205520165,0.025638132720073967,0.0
811492,-0.0,-0.0,-0.0,-0.0,0.0,0.0,-0.0,0.09026476712399631,0.0,0.0,0.0,0.0,-0.8123663834075259,-0.0,-0.0,0.02805809007244986,-0.0,0.0,0.0,0.0,0.0,-0.01819816083197448,5.29765118338097,-1.3946814749205572,-0.2938894774294931,0.0,0.0,0.0,0.0,0.0,0.0,0.024250502473443847,0.0,0.0,0.0,0.07661939731063175,-0.0,0.0,0.0,0.0,0.0,0.0,0.06412860534750706,0.0,-0.0,-0.3629557458415803,-0.0,0.0,0.0,0.0,0.0,0.0,0.0,-0.0,-0.0,-0.0,0.0,0.0,-0.0,0.01692065441029955,0.0,0.0,0.0,0.0,-0.0,0.07617556020779864,-0.33924738396445825,0.0,0.0,0.0,0.0,0.0,0.0,-0.0,0.0,0.0,0.0,0.0,0.0,0.0,0.0,0.0,0.0,0.0,-0.7223805850179283,-0.5084745303349546,0.0,0.0,0.0426321288425231,0.0,-0.0,-0.9349887775206587,0.0,-0.0,-0.0,0.0,-0.0,-0.0,0.0,0.0,0.0
813457,-0.0,-0.0,-0.0,-0.0,0.0,0.0,-0.0,0.09732211532426821,0.0,0.0,0.0,0.0,-0.715339473472212,-0.0,-0.0,0.04646919721466941,-0.0,0.0,0.0,0.0,0.0,-0.04933942261648899,-1.394681474920557,4.776601075352911,-0.21820721071905713,0.0,0.0,0.0,-0.0,0.0,0.0,0.0,0.0,0.0,0.0,0.24981258567841313,-0.0,0.0,0.0,0.0,0.0,0.0,0.060436945918921584,0.0,-0.0,-0.2281471106249216,-0.09907941033971238,0.0,0.03963954601511324,0.0,0.0,0.0,0.0,-0.0,-0.0,0.0,0.0,0.0,-0.0,0.08458889816318485,0.0,0.0,0.0,0.006361386492836976,-0.0897147325154623,0.0,-0.43673383947109834,0.0,0.0,0.0,0.0,0.0,0.0,-0.0,0.0,0.0,0.0,0.0,0.0,0.0,-0.0,0.0,0.0,0.0,-0.4631201900011922,-0.48714085203274415,0.0,0.0,0.05237544207985578,0.0,-0.0,-0.6077585534529568,0.0,-0.0,-0.0,0.0,-0.0,-0.0,0.0,0.0,0.0
814442,-0.0,-0.0,-0.0,0.0,0.0,0.0,-0.0,-0.0,0.06703441275531852,0.0028468339853770785,0.0,-0.0,-0.2391184375653317,-0.0,-1.028737337012847,-0.0,0.0,-0.0,0.004105078016002892,0.0,-0.0,-0.0,-0.2938894774294932,-0.21820721071905713,4.003683483722247,0.0,0.02004593421406814,0.08143918288146798,0.0,0.0,0.0,0.0,0.0,0.0,0.0,-0.0,-0.0,0.025025842426277548,0.0,0.0,0.06245727919340101,0.0,-0.0,0.0,-0.0,-0.0,-0.0,0.0,-0.0,0.0,0.0,0.0,0.0,-0.0,-0.0,0.0,0.0,0.0,-0.0,-0.0,0.0,0.0,0.01381771354306896,0.0,-0.6050321712640345,-0.0,-0.5505484865351714,0.0,0.0,0.0,0.0,0.0,0.0,-0.3887254509452483,0.010716325174080027,0.0,0.0,0.008665675452137173,0.028947820608275138,0.0,0.0,0.0,0.0,-0.0,-0.27345710390092554,-0.0,0.0,0.0,-0.0,0.0,-0.0,-0.388002459263163,0.0,0.0,-0.0,0.0,0.0,0.0,0.0,0.0,0.03243810638901168
923151,0.053253436685591946,0.0,0.12413745836079715,-0.0,-0.0,-0.0,0.0,0.0,-0.2977425072759921,-0.0,0.0,0.0,0.0,0.0,0.0,0.0,0.0,0.0,0.0,-0.0,0.0,0.0,0.0,0.0,0.0,3.861390026600761,0.0,-0.0,-0.13143325791514782,-0.6539124244382881,0.0003004186395160341,-0.0,-0.0,-0.0,-0.8516453065748217,0.0,0.0,-0.0,-0.0,-0.0,0.0,-0.0,0.0,-0.0,0.0,0.0,0.0,-0.7533578199586495,0.0,-0.6546955644265983,-0.0,-0.0,0.0,0.0,0.021906308609243447,0.0,-0.0,-0.0,-0.0,0.0,0.0,0.0,-0.013074744909319674,0.0,0.006054384455685832,0.0,0.0,0.0,0.0,0.0,-0.0,-0.0,0.0,0.0,-0.0,0.0,0.0,-0.08666603993229582,0.0,0.0,-0.0,-0.0,-0.22929284718297588,0.0,0.0,0.0,0.0,-0.0,0.0,0.0,0.0,0.0,0.0,-0.0,0.0,0.0,0.0,0.0,0.0,0.0,-0.0
952003,-0.0,0.0,-0.0,0.0,0.0,-0.0,0.0,-0.0,0.0,-0.09777437913019821,-0.0,0.0,0.0,0.0,0.04475524842224897,0.0,-0.0,0.0,-0.0,-0.0,0.10877028539847325,0.0,0.0,0.0,0.02004593421406814,0.0,1.228004816593133,-0.0,0.0,0.0,-0.0,-0.0,0.0,-0.0,0.0,0.0,0.0,-0.06070516852950404,0.027195920403380036,-0.0,0.0,-0.1748338420228432,0.0,0.0,0.0,0.0,0.0,0.0,0.0,0.0,0.0,0.0,-0.07263265947655254,-0.0,0.0,0.0,-0.0,-0.0,0.0,0.0,-0.0,-0.0,0.0,0.0,0.0,0.0,0.0,-0.039248756779577565,0.0,-0.0,-0.0,0.0,-0.20143085475918449,0.0,0.0,-0.0,-0.0,-0.0,-0.0,-0.15184237738406012,-0.0,0.0,0.0,0.0,0.0,0.0,-0.0,0.0,0.0,-0.16422591780128382,0.015671336244660022,0.0,0.0,0.0,-0.0,0.0,0.008619093415512508,0.0,0.020248553704005523,-0.0,-0.0
960131,0.0,0.0,0.0,-0.0,0.0,-0.0,0.0,0.0,-0.029605672790884635,-0.0,-0.12939136273203555,0.0,0.0,0.0,0.007467729741243961,0.0,0.0,0.0,-0.30816612061759024,-0.0803727852787654,0.0559103834076502,0.0,0.0,0.0,0.08143918288146801,-0.0,-0.0,2.066375423075362,-0.056304349027592945,-0.1709872661933499,0.009982380092131107,-0.0,-0.07012871519384778,-0.0,-0.20531024442696222,0.0,0.0,-0.0,0.0,0.0,-0.0,-0.0,0.0,-0.0,0.0,0.04560203409667457,0.0,-0.3000521365883711,0.0,-0.10149563093647151,0.0,-0.0,-0.0,0.0,0.0,0.0,-0.0,-0.0,0.0,0.0,0.0,0.05422851268738871,-0.05917558752225263,0.0,0.0,0.0,0.0,0.0,-0.0,0.0,-0.03239092688660562,0.0,0.0,0.0,0.0,-0.0,-0.0,-0.3204729761717557,-0.0,-0.022873430583932167,-0.0,0.01476515050565208,-0.04515553122733923,0.08708770187293638,0.0708967980407389,0.0,-0.0,-0.0,0.0,-0.014230769657938541,0.0,0.02365793949913217,0.017792201469691682,0.0,0.0,-0.0,0.0,0.0028607569114039166,0.0,0.0,-0.0
979261,-0.0,-0.0,-0.0,-0.0,0.0,0.0,-0.0,0.0,-0.052236189937876126,0.0,0.0,-0.0,0.0,-0.0,-0.0,0.0,0.03976082666187025,-0.0,0.0,-0.0,0.0,-0.0,0.0,-0.0,0.0,-0.13143325791514776,0.0,-0.05630434902759293,2.577701119908811,-0.48601189976052317,-0.0,-0.0,-0.0,0.0,-0.05815925045952258,0.0,0.0,0.0,0.0,0.0,-0.0,0.0,0.0,0.0,0.0,0.0,0.0,-0.35809702422095857,0.0,-0.83078923418434,0.0,-0.0,-0.0,-0.0,-0.0,0.026313421276096066,-0.0,0.0,0.0,0.0,0.0,0.0,-0.0,0.04588290181971391,-0.0,0.0,-0.0,0.03617323879057793,-0.0,0.0,-0.0,0.0,0.0,0.0,-0.0,0.01757267996035705,0.0,-0.008793551469214914,0.1311901916759825,0.0,-0.0,0.0,-0.31498755220700425,0.0,0.0,0.0,0.08140007497201138,-0.0,0.0,0.0,0.0,0.0,0.0,-0.0,-0.0,0.0,0.025207846763183356,0.0,0.0,0.0,-0.0
996487,0.0,0.041808316456102584,0.0,-0.0,-0.0,-0.0,0.0,0.0,-0.22080931764948697,-0.0,0.0,0.0,0.0,0.0,0.0,0.0,0.0,0.0,0.0,-0.0,0.0,0.0,0.0,0.0,0.0,-0.6539124244382881,0.0,-0.1709872661933499,-0.48601189976052317,4.241575328148788,0.0,-0.0,-0.0,-0.0,-0.28819988751236003,0.0,0.0,-0.0,0.0,-0.0,-0.0,0.0,0.0,0.0,0.0,0.0,0.0,-0.6634194679656298,0.0,-1.0297012118418452,-0.014655050369693792,-0.48924533154241245,0.0,0.00013935255412818315,0.0,0.0,-0.0,0.0,0.0,0.0,0.0,0.0,-0.0,0.0,0.0,0.0,0.0,0.0,-0.0,0.0,-0.0,-0.0,0.0,0.0,-0.0,0.0,0.0,-0.04410265542304764,0.0,0.0,0.0,0.0,-0.3001200321227357,0.0,0.0,0.007990164245244569,0.0,-0.0,0.0,0.0,0.0,0.0,0.0,-0.0,0.0,0.0,0.0,0.0,0.0,0.0,-0.07844111150185126
1000269,-0.0,-0.0,-0.0,0.0,-0.0,-0.0,-0.04892041796806949,-0.0,0.0,-0.0,0.0,0.0,0.0,-0.0,0.0,0.0,0.0,-0.0,-0.0,0.0,0.0,0.0,0.0,0.0,0.0,0.0003004186395160341,-0.0,0.009982380092131107,-0.0,0.0,1.2324255547972862,0.0,-0.0,0.0,0.0052984530152913045,0.0,-0.0,-0.0,0.08002127172733325,-0.00386294554269119,-0.03469698688816594,0.0,0.0,0.02162711625634714,-0.018181956908067107,-0.0,-0.0,0.0,0.0,0.0,-0.0,0.0,0.0,-0.0,-0.0,0.0,-0.32959117833336654,0.0,0.01557010316458407,0.0,0.04774256275930394,-0.22536854151807273,0.0,-0.0,-0.0,0.0,-0.0,0.0,0.0,-0.14151653569501815,0.0,-0.0,-0.0,0.0,-0.0,0.0,0.0,0.0,-0.042129425212212704,0.0,-0.0,0.0,0.10204564014457512,0.0,0.0,-0.0,0.0,-0.0,0.0,-0.0,0.0,0.0,0.0,-0.0,-0.03643802292933121,0.022147929400778366,0.0,-0.0,0.0,-0.0973572691618747,-0.0
1000986,0.0,-0.0,0.0,0.0,0.09110451181026219,0.035101042386794123,0.04548277826331354,0.0,-0.0,-0.0,-0.0,0.0,0.028142706336303364,0.025851633934654172,0.0,0.037591101832126564,-0.0,0.0,-0.0,-0.0,0.0,0.003954565412541772,0.024250502473443847,0.0,0.0,-0.0,-0.0,-0.0,-0.0,-0.0,0.0,1.2936796944370106,-0.0,-0.0,-0.092885712655358,0.0,0.032371856851966974,-0.0,-0.0,0.047731647053897985,0.0,-0.008584637314725266,0.004405369701986933,-0.12265503274982859,0.0,0.0,0.0,-0.0,0.0,-0.0,0.037819443539049424,-0.0,-0.0,0.0,0.0,-0.0,-0.0,-0.0,-0.0,0.0,-0.014919509521041568,0.0,-0.017394705560616966,0.0,0.0,0.010258544375627732,0.0,-0.0,0.0,-0.025274346384342644,-0.0,0.0,-0.0,0.0,0.06960255652636066,-0.0,-0.008374028972500766,-0.0,-0.0,-0.0,-0.0,-0.0,-0.22394186235156055,0.0,0.0,0.0,-0.0,-0.24883246406096848,0.0,-0.0,-0.0,0.0,-0.0,0.03972453655903396,0.0,-0.0,0.0,-0.0,0.0,-0.05883051698988523,-0.0
1061772,0.0,0.0,0.0,-0.0,-0.0,-0.0,0.0,0.0,-0.0,-0.015246929599987552,-0.0,0.0,0.0,0.0,0.13518761504496596,0.0,0.0,0.0,-0.0,-0.026967181042264823,0.10375191245641946,0.0,0.0,0.0,0.0,-0.0,0.0,-0.07012871519384772,-0.0,-0.0,-0.0,-0.0,1.6251543281523104,-0.0,-0.0,0.0,-0.0,-0.0,-0.0,-0.0,-0.04210557289893635,0.0,0.0,0.0,-0.0,0.0,0.0,-0.0,0.006661216361498717,-0.02089946020612407,-0.0,-0.0,-0.0,0.1222915259738967,0.0,-0.0,-0.16431446102679126,0.0,0.0,0.0,0.0,-0.0,-0.0,0.0,0.0,0.0,0.0,-0.0,-0.0,-0.0,-0.2537985385564484,-0.0,0.0,0.064977300424815,-0.0,0.0,0.0,-0.18670085239186818,-0.0,-0.052343549592877,-0.27663560749191174,0.0,-0.0,0.13303330153225973,0.0,0.0,-0.0,-0.0,0.0,-0.0,-0.0,0.0,0.014838044581111723,-0.0,0.0,0.021605081216909933,-0.017699808573117065,-0.0,0.0,-0.0,-0.07553651370623737
1096610,0.0,0.0,0.11081835781853089,-0.0,0.0,0.0,0.0,0.01809306529272081,-0.0,-0.0,-0.0,0.0,0.0,0.0,0.0,0.0,-0.0,0.0,0.0,-0.0,0.007860712751113719,0.0,0.0,0.0,0.0,-0.0,-0.0,-0.0,0.0,-0.0,0.0,-0.0,-0.0,1.1277755560286453,-0.0,0.0,0.0,-0.0,-0.0,-0.0,0.0,-0.04326677014829959,0.0,-0.08659353680015733,0.0,0.0,0.0,-0.0,0.0,-0.0,0.0,0.0,0.0,0.0005067651722050481,0.0,-0.0,-0.0,-0.0,-0.0,0.0,0.0,0.0,-0.11367335106789589,4.1327925084932993e-07,0.0,0.0,0.0,0.0,-0.0,0.0,-0.0,0.0,0.09359562873336508,0.007398904479808233,-0.0,-0.0,-0.0,-0.0,-0.0,-0.0,-0.0,-0.0,-0.0,0.0006105300416389126,0.0,0.0,0.0,-0.0,0.0,-0.0,-0.0,0.0,2.1017625820296537e-07,-0.0,0.0,-0.0,-0.19292447668575596,0.0,0.0,0.0,0.0
1097208,0.0,0.0,0.0,-0.0,0.0,0.0,0.08540745950697759,0.06077597419280975,-0.3991197749698593,-0.0,0.0,0.0,0.0,0.0,0.008317968310049273,0.0,-0.0,0.0,-0.0,-0.0,0.16556729377138202,0.0,0.0,0.0,0.0,-0.8516453065748217,0.0,-0.20531024442696222,-0.058159250459522666,-0.2881998875123599,0.0052984530152913045,-0.092885712655358,-0.0,-0.0,3.8750512783760738,0.0,0.0,-0.0,-0.0,-0.0,0.0,-0.0,0.0,-0.0,0.0,0.0,0.001989189807947947,-0.5528151725718784,0.0,-0.1620831870467065,-0.0,-0.08256819390267428,-0.0,0.025302573719313187,0.0,-0.0,-0.0,-0.0,-0.0,0.0,0.0,0.0,-0.031967436237202176,0.0,0.12442490908242293,0.0,0.0,0.0,-0.0,0.0,-0.0,0.0,0.0,0.0725534788022967,-0.0,0.0,0.0,-0.0,-0.0,-0.0,-0.0,-0.0,-0.8839219074840248,0.028798099231723287,0.0,0.0,0.0,-0.0,0.0,0.0,0.0,0.0,0.0,-0.0,0.0,0.0,0.0,0.0,0.014193522321896468,-0.0,-0.0
1951826,0.0,0.0,0.0,0.0,0.0,0.0,-0.0,-0.0,0.0,0.0,0.0,-0.0,0.09691066527968509,-0.0,-0.0,-0.6209897608186392,0.0,-0.0,0.012028172103687965,0.0,-0.35125938341541946,-0.0,0.07661939731063175,0.24981258567841308,-0.0,0.0,0.0,0.0,0.0,0.0,0.0,0.0,0.0,0.0,0.0,4.322175749216713,-0.0,0.0,0.0,0.0,-0.0,0.0,-0.5209654655120466,0.0,-0.0,0.0,0.0,0.0,-0.22431056005583844,0.0,0.0,0.0,0.0,0.0,0.0,0.0,0.0,0.0,0.0,-0.696194061380011,0.0,-0.09045553485526248,0.0,-0.011459316161968908,0.0,-0.5913826204660237,0.0,0.0,0.0,0.0,-0.0,0.0,0.0,-0.0,0.0,0.0,0.0,0.0,0.0,0.0,0.0,0.0,0.0,-0.6744547267456251,0.0,0.0,0.0,0.0,-0.3691698230048736,0.0,0.0,0.0,-0.007935703554483892,0.0,-0.0,-0.0,0.0,-0.0,-0.0,0.0,0.0
2654263,-0.0,-0.0,0.0,0.0,0.0,0.0,-0.0,-0.0,0.033666547193879015,0.0,0.0,-0.0,-0.0,-0.0,-0.0,0.0,0.0,-0.0,0.04813563283015747,0.0,-0.0,0.0,-0.0,-0.0,-0.0,0.0,0.0,0.0,0.0,0.0,-0.0,0.032371856851966974,-0.0,0.0,0.0,-0.0,2.579710662538508,0.0,-0.0,0.0,-0.08463036785322747,0.004561979460632068,0.0,0.026852372852714773,-1.3112516116807655,-0.0,0.0,0.04651303653196129,0.0,0.0,0.0,0.0,0.0,-0.0,-0.0,0.0,0.0,0.0,-0.0,0.0,0.0,-0.0,0.0,0.0,-0.0,0.0,-0.0,0.0,0.0,-0.0,-0.0,0.0,0.0,-0.0,0.0,0.0,0.0,0.0,0.0,-0.0,-0.0,0.11625688808824933,0.0,0.0,-0.0,-0.0,0.0,-0.0,0.0,0.0,-0.0,-0.0,0.0,0.02697336049568215,-0.0,0.0,-0.03362200560508122,-0.7755487041746412,0.0016454313134555282,0.0,0.0
2751958,0.0,0.0,0.0,0.0,-0.0,-0.0,-0.0,0.0,0.0,-0.5995441150426022,0.0,0.0,0.0,0.0,0.0330124169563423,0.0,-0.0,0.0,-0.0,-0.04421660875722955,0.020109670651504014,0.0,0.0,0.0,0.02502584242627756,-0.0,-0.06070516852950403,-0.0,0.0,-0.0,-0.0,-0.0,-0.0,-0.0,-0.0,0.0,0.0,1.447339066052257,0.0,-0.0,-0.0,-0.028494576268081884,0.0,0.0,0.0,0.0,-0.0,-0.0,0.0,-0.0,-0.0,-0.0,-0.0,0.0,0.0,0.0,-0.1744005845164302,-0.0019605423785016146,-0.0,0.0,0.0,-0.014853862145704999,0.0,-0.0023307587409789055,0.0,0.0,0.0,-0.0,0.009009553784658939,-0.0,-0.0,-0.0,-0.0,0.06063972134486298,-0.0,0.0,0.04714111678188143,-0.03924802140088997,-0.0,-0.0,-0.0,0.0076281983546937215,0.0,0.0,0.02666782633925624,0.0,-0.0,-0.0,0.0,-0.0,0.0,0.0,0.0,0.0,-0.026802593760204996,0.0,0.0,0.0,0.0,0.0,-0.0
3128077,0.08252592607002082,-0.0,0.0,-0.0,0.0,0.0,0.0,0.0,0.0,0.0,0.0,0.0,0.0,0.0,0.0,-0.0,-0.0,0.0,0.0,0.0,0.0,0.0,0.0,0.0,0.0,-0.0,0.02719592040338001,0.0,0.0,0.0,0.08002127172733325,-0.0,-0.0,-0.0,-0.0,0.0,-0.0,0.0,1.1702266431114097,0.0,0.0,0.0,0.0,-0.027143528799845246,-0.0,-0.0,0.0,0.0,0.0,0.0,0.0,0.0,0.0006163223537394152,0.0,0.0,0.0,0.0,-0.0,-0.2966722366313185,0.0,0.0,0.0,-0.0,-0.0,0.0,0.0,0.0,0.0,-0.0,-0.0010244961045480505,-0.0,0.0,0.014038110182019281,0.0,0.0,-0.0,0.0012576575079820546,0.0,-0.0,0.0,-0.05559599958584198,0.0,0.0,-0.0,0.0,0.0,-0.0,-0.0,-0.0,0.0,0.0,0.0,-0.20977263191163031,0.0,0.0022926781687248043,-0.1068958879036746,-0.0,-0.07061738487277294,0.0,0.0,0.0
3225199,0.0,0.0,0.0,-0.008661594071720513,-0.10423908788050879,-0.10266124346842537,0.0,0.0,-0.0,-0.0,0.0,0.0,0.0,0.0,0.0008632441321327761,-0.0,0.0,0.0,-0.0,0.0,0.015900600297484746,0.0,0.0,0.0,0.0,-0.0,-0.0,0.0,0.0,-0.0,-0.0038629455426911763,0.04773164705389797,-0.0,-0.0,-0.0,0.0,0.0,-0.0,0.0,2.742912245780183,-0.0,-0.0,0.0,0.0,0.0,-0.0,0.0,-0.0,0.0,-0.0,-0.12487824552107185,-0.022383247189916786,0.0,0.0,0.0,-0.0,-0.09568404788436785,-0.0,0.0,0.0,0.11570264235238983,0.0,-0.038826026226911295,-0.0,0.0,0.0,0.0,0.0,-0.0,-0.0,0.0,-0.2606291726168102,0.0,0.0941718812159286,-1.7790229615326858,0.0,0.0,-0.0,-0.0,0.02154355965038221,0.0,-0.0,0.0,0.0,0.0,0.0,0.0,0.04907319909793795,0.0,0.0,0.0,0.0,0.0,-0.0,0.0,0.0,0.0,0.0,-0.0,0.0,-0.0
3228684,0.0,-0.0,0.0,-0.0,0.0,0.0,0.0,0.0,-0.0,0.0,-0.0,0.0,0.0,0.0,0.0,0.0,0.0,0.0,0.0,-0.0,0.0,0.0,0.0,0.0,0.06245727919340101,0.0,0.0,-0.0,-0.0,-0.0,-0.03469698688816594,0.0,-0.04210557289893638,0.0,0.0,-0.0,-0.08463036785322747,-0.0,0.0,-0.0,1.8317675963323734,0.054317863133632974,0.0,0.0,-0.8723654505593044,0.0,0.0,0.0,0.0,-0.0,0.0,0.0,-0.0,0.0,0.0,0.0,-0.0,0.0,0.005302222439307613,0.0,0.0,-0.04607349910165574,-0.006738159406574934,0.0,0.0,0.0,0.0,-0.0,-0.0,-0.0,-0.03018725669826687,0.0,0.0,0.0,-0.0,0.0,0.0,-0.08504700765038878,0.0,0.0,-0.0,0.0,0.0,0.0,0.0,-0.0,-0.0,-0.0,0.0,0.0,0.0,0.0,0.0,0.0,-0.12907566450869842,0.0,-0.0,-0.29397620451722517,0.0,0.0,-0.0
3244896,0.0032478665098553683,0.0,0.0,0.0,0.0,0.0,0.0,0.0,0.0,-0.12123210031372628,0.0,0.0,0.0,0.0006117308505883268,0.0,0.0,-0.0,0.0,0.0,-0.0,0.0,0.0,0.0,0.0,0.0,-0.0,-0.1748338420228432,-0.0,0.0,0.0,0.0,-0.008584637314725252,0.0,-0.043266770148299605,-0.0,0.0,0.004561979460632054,-0.028494576268081842,0.0,-0.0,0.054317863133633,1.465823516030128,0.0,-0.03460078604696712,0.02874729904750492,0.0,0.0,0.0,0.0,0.0,0.0,0.0,-0.02334155508605923,0.0,0.012040474507076515,0.0,0.0,-0.35690905218319574,-0.18913936939762632,0.0,-0.0,0.0,0.0,0.0,0.0,0.0,0.002609995269328924,-0.0,0.0,0.0,0.0,0.0,0.0,0.05548466458977884,0.0,-0.0,0.0,-0.0,-0.07318965553914958,0.0,0.0,0.0,0.0,0.0,0.0,0.05426076451529556,-0.0,0.0,0.0,-0.0569740468913921,0.009408060257149908,0.0,-0.0,0.05478491520777411,0.0,-0.3917993449500905,0.002044469372679922,0.0,0.0,-0.0,-0.0
3531225,0.0,0.0,0.0,0.0,-0.0,0.0,-0.0,-0.22175473091970954,0.0,0.0,0.0,-0.087665160443956,0.009437011979272464,-0.0,-0.0,-0.7362473918393194,0.0,-0.10655283994594514,0.0,0.0,-0.07309922429155669,-0.0,0.06412860534750708,0.060436945918921584,-0.0,0.0,0.0,0.0,0.0,0.0,0.0,0.004405369701986933,0.0,0.0,0.0,-0.5209654655120467,0.0,0.0,0.0,0.0,0.0,0.0,4.868213108344891,0.0,0.0,0.0493313341988197,0.0,0.0,-1.048552055995469,0.0,0.0,0.0,0.0,0.0,-0.0,0.0,0.0,0.0,0.0,-0.7877971399002442,0.0,0.0,0.0,-0.0,0.0,-0.684209561757944,0.0,0.0,-0.0,0.0,0.0,0.0,0.0,-0.0,0.0,0.0,0.0,0.0,0.0,0.0,0.0,0.0,0.0,-0.15831903263174207,0.0,0.09042312945020597,0.0,0.0,-0.36171288771536064,0.0,0.0,0.03161791838896531,-0.0,0.0,0.0,-0.0,0.0,0.0,-0.0,0.0,0.0
3540765,0.0,-0.6427968365044727,0.0,-0.0,0.0,0.0,0.0,0.0,-0.26873873104908313,0.0,0.0,0.0,0.0,0.0,0.0,0.0,-0.16574674469330128,-0.0,0.0,0.0,0.0,0.0,0.0,0.0,0.0,-0.0,0.0,-0.0,0.0,0.0,0.021627116256347167,-0.12265503274982853,0.0,-0.08659353680015736,-0.0,0.0,0.026852372852714773,0.0,-0.02714352879984526,0.0,0.0,-0.03460078604696715,0.0,1.8348628857404286,0.0,0.025928375985393687,0.0,-0.0,0.0,0.0,0.0,0.0,0.0,0.0,0.0,0.0,0.0,-0.6961559365662745,-0.0,0.0,0.0,0.010467901061634394,-0.11534114494083156,0.0,0.0691226043421043,0.0,0.0,0.0,-0.007520782474775237,0.0,0.0,0.0,0.03611077560360702,0.0,0.0,0.0,0.0,0.0,0.0,0.0,0.0,-0.0,-0.0,0.0,0.0,0.0,0.0,-0.0,0.0,0.0,0.0,0.019316149200708455,0.0,-0.0,0.0,-0.0,0.0,0.0,0.0,0.0,0.0
3825935,-0.0,-0.0,0.0,0.0,0.0,0.0,-0.0,-0.0,0.0,0.0,0.0,-0.0,0.0,-0.0,-0.0,0.0,0.0,-0.0,0.0,0.0,-0.0,0.0,-0.0,-0.0,-0.0,0.0,0.0,0.0,0.0,0.0,-0.01818195690806712,0.0,-0.0,0.0,0.0,-0.0,-1.3112516116807658,0.0,-0.0,0.0,-0.8723654505593044,0.028747299047504907,0.0,0.0,3.0745254284829127,-0.0,-0.0,0.03928105838633379,0.0,0.0,0.0,0.061486149047228766,0.0,-0.0,-0.0,0.0,0.0,0.05528240763203568,0.0,0.0,0.0,-0.05640740068202656,0.0,0.0,-0.0,0.0,-0.0,0.0,0.0,-0.0,-0.0,0.0,0.0,0.0,0.0,0.0,0.0,0.0,0.0,-0.0,-0.0,0.0,0.0,0.0,-0.0,-0.09945017391581382,0.0,-0.0,0.0,0.0,-0.0,-0.0,0.0,0.0,-0.15309840905082617,0.0,-0.0,-0.6606191180759695,0.0,0.0,0.0
3908639,-0.0,0.0,0.0,-0.0,-0.0,-0.0,-0.0,0.0,0.0,0.0,0.0,0.0,-0.04967580957518361,-0.0,-0.0,0.06519216901456593,-0.0,0.0,0.021295725290430945,0.02875653112457513,0.0,-0.0,-0.3629557458415804,-0.22814711062492166,-0.0,0.0,0.0,0.045602034096674585,0.0,0.0,-0.0,0.0,0.0,0.0,0.0,0.0,-0.0,0.0,-0.0,-0.0,0.0,0.0,0.0493313341988197,0.025928375985393687,-0.0,1.9772614915916509,-0.0,0.0,0.0,0.0,-0.0,-0.0,0.011044196953118493,-0.0,-0.0,0.0,-0.0,0.0,-0.0,0.0,0.0,0.0,0.0,0.0,-0.0,0.0,-0.2520225719756891,0.0,0.0,-0.0,0.06425456823288672,-0.0,0.0,-0.0,-0.0,0.0,0.0,0.0,0.0,0.0,0.0,0.0,0.0,0.0,-0.1253487042607146,-0.11154433511142844,0.0,0.0,0.0,0.0,-0.0,-0.3385146217347322,0.0,-0.0,-0.0,0.0,0.0,-0.0,-0.0,0.0,0.0
3970651,-0.0,-0.003920834658143593,-0.0,0.0,0.0,0.0,-0.0,0.0,0.0,-0.0,0.004176270044344649,0.0,-0.0,-0.0,-0.0,0.0,-0.000554745387505301,-0.0,0.0,0.0,0.0,0.0,-0.0,-0.09907941033971238,-0.0,0.0,0.0,0.0,0.0,0.0,-0.0,0.0,0.0,0.0,0.001989189807947947,0.0,0.0,-0.0,0.0,0.0,0.0,0.0,0.0,0.0,-0.0,-0.0,1.0652421830506433,0.0,0.0,0.0,0.0,0.0,0.0,-0.0,-0.0,0.0,-0.0,0.0,-0.09640822408062569,0.0,0.0,-0.0,0.0,-0.0,-0.0,0.0,-0.0,0.0,-0.0,0.0,0.0,0.0,-0.0,-0.0,0.0,0.0,0.019203163356399003,0.0,0.0,0.0,0.0,0.03648472381001712,0.0,0.0,-0.016535700459570396,-0.00804121331032484,0.0,0.0,0.0,0.0,0.030392167891891933,-0.0,-0.19353860405403733,-0.0,-0.02494821550529519,0.0,0.0,0.0,0.0,0.0,0.0
4014120,0.0,0.0,0.0,-0.0,-0.0,-0.0,0.0,0.0,-0.42150759943492194,-0.0,0.0,0.0,0.0,0.0,0.0,0.0,0.0,0.0,-0.0,-0.0,0.0,0.0,0.0,0.0,0.0,-0.7533578199586495,0.0,-0.3000521365883711,-0.3580970242209586,-0.6634194679656298,0.0,-0.0,-0.0,-0.0,-0.5528151725718784,0.0,0.046513036531961316,-0.0,0.0,-0.0,0.0,0.0,0.0,-0.0,0.03928105838633379,0.0,0.0,4.253787244782934,0.0,-0.6322326538586343,-0.0,-0.11991590405478236,-0.0,0.0,0.0,0.0,-0.0,-0.0,0.0,0.0,0.0,0.0,-0.008991253294643758,0.0,0.0,0.0,0.0,0.0,-0.0,0.0,-0.0,-0.0,0.0,0.0,-0.0,0.0,0.0,-0.0,0.0,0.0,-0.0,-0.0,-0.5504889812257668,0.0,0.0,0.0,0.0,-0.0,0.0,0.0,0.0,0.03566985676644069,0.0,-0.0,0.0,0.0,0.0,0.0,0.0,-0.0,-0.0
4111715,0.0,0.0,0.0,0.0,-0.0,0.0,-0.0,-0.03263343229206861,0.0,0.0,0.0,-0.06591989400348872,0.0,-0.0,-0.0,-1.0764507058812698,0.0,-0.0,0.0,0.0,-0.2608241520545837,-0.0,0.0,0.03963954601511338,-0.0,0.0,0.0,0.0,0.0,0.0,0.0,0.0,0.006661216361498717,0.0,0.0,-0.22431056005583805,0.0,0.0,0.0,0.0,0.0,0.0,-1.048552055995469,0.0,0.0,0.0,0.0,0.0,5.316136129088796,0.0,0.0,0.0,0.0,0.0,0.0,0.0,0.0,0.0,0.0,-0.46402226949286796,0.0,0.0,0.0,-0.012101266050613013,0.0,-1.1227981982955637,0.0,0.0,-0.0,0.0,0.0,0.0,0.0,-0.0,0.0,0.0,0.0,0.0,0.0,0.0,0.0,0.0,0.0,-0.40922514736636223,0.0,0.08022128568505457,0.0,0.0,-0.578309351525626,0.0,8.95982962323405e-07,0.0,-0.0,0.0,0.0,-0.0,0.0,0.0,-0.04348446458848074,0.0,0.0
4130483,0.0,0.0,0.0,-0.0,-0.0,-0.0,0.0,0.0,-0.42488348136263465,-0.0,0.0,0.0,0.0,0.0,0.0,0.0,0.0,0.0,-0.0,-0.0,0.06031442457761539,0.0,0.0,0.0,0.0,-0.6546955644265984,0.0,-0.10149563093647163,-0.83078923418434,-1.0297012118418452,0.0,-0.0,-0.0208994602061241,-0.0,-0.16208318704670654,0.0,0.0,-0.0,0.0,-0.0,-0.0,0.0,0.0,0.0,0.0,0.0,0.0,-0.6322326538586343,0.0,4.209690612529332,-0.04761730671992233,-0.22030018293517856,0.0,0.0,0.0,0.0,-0.0,0.0,0.0,0.0,0.0,0.0,-0.0,0.0,0.0,0.0,0.0,0.16695136372307817,-0.0,0.0,-0.0,-0.0,0.0,0.0,-0.0,0.0,0.0,-0.11723371335400956,0.0,0.0,-0.0,0.0,-0.10295395157136261,0.0,0.0,0.0,0.0,-0.0,0.0,0.0,0.0,0.0,0.0,-0.0,0.0,0.0,0.0,0.0,0.0,0.0,-0.05079505782697713
4295564,0.0,0.011073996016019619,0.0,-0.0,-0.20730840822582253,-0.30405333692031966,0.0,0.0,-0.0,-0.0,0.0,0.0,-0.0,0.0,0.0,-0.0,0.0,0.0,-0.0,0.0,0.0,0.0,0.0,0.0,0.0,-0.0,0.0,0.0,0.0,-0.014655050369693778,-0.0,0.03781944353904945,-0.0,0.0,-0.0,0.0,0.0,-0.0,0.0,-0.1248782455210719,0.0,0.0,0.0,0.0,0.0,-0.0,0.0,-0.0,0.0,-0.0476173067199223,1.7655948644794606,-0.02262535238680094,0.0,0.0,0.0,0.0,-0.0,0.0,0.016520025850396525,0.0,0.00038696496136549074,0.0,-0.0,-0.007928882527225303,0.038467431108833966,-0.0,0.0,0.0,-0.0,-0.0,0.0,-0.6334338762086315,0.0,0.0,-0.06634314775262362,0.0,0.00867399763025864,-0.0,-0.0,0.0,0.0,-0.0,0.0,0.0,0.0,0.0,0.0,0.0,0.0,0.0,0.0,0.0,0.0,-0.0,0.0,0.0015456637065186102,0.0,0.0,-0.0,0.0,-0.03067914570354721
4312974,0.0,0.0,0.0,-0.0,-0.0,-0.09929871534943158,0.0,0.02477477336086127,-0.0,-0.0,0.0,0.08073201231605162,0.0,0.0,0.013692352365686139,0.0,0.0,0.0,0.0,-0.0,0.009764474726389222,0.0,0.0,0.0,0.0,-0.0,0.0,-0.0,-0.0,-0.48924533154241245,0.0,-0.0,-0.0,0.0,-0.08256819390267425,0.0,0.0,-0.0,0.0,-0.0223832471899168,0.0,0.0,0.0,0.0,0.06148614904722882,-0.0,0.0,-0.11991590405478236,0.0,-0.2203001829351785,-0.02262535238680094,2.00816849970598,-0.0,0.023750622357373075,0.0,0.0,-0.36453945707235547,-0.0,0.0,0.0,0.0,0.0,-0.0,-0.0,0.0021386472834613313,0.0,0.0,0.0,0.0,-0.0,-0.0,-0.11351851231261928,0.0,0.060175025306971136,-0.0,0.17938443395649378,0.0,-0.15524267962832194,0.0,0.0,-0.0,-0.0,-0.0,0.0,0.0,0.0,-0.0,-0.0,0.0,0.0,0.0,0.0,0.0,-0.0,0.0,0.0,0.0,0.0028606176908447245,0.0,-0.0,-0.20131096650497915
4316928,0.0,0.0,0.0,0.0,0.0,0.0,0.0,0.0,0.0,-0.05894412376537661,-0.0,0.0,0.0,0.0023095802221570483,0.0,0.0,-0.0,0.026417356142172055,-0.0,-1.4745510786925229,0.0,0.0,0.0,0.0,0.0,0.0,-0.07263265947655254,-0.0,-0.0,0.0,0.0,-0.0,-0.0,0.0,-0.0,0.0,0.0,-0.0,0.0006163223537394291,0.0,-0.0,-0.02334155508605923,0.0,0.0,0.0,0.011044196953118493,0.0,-0.0,0.0,0.0,0.0,-0.0,3.7255527186331525,0.0,0.0,-0.0,-0.0,-0.0,0.0,0.0,-0.6926658180185179,0.0,0.0,0.0,0.0,0.0,0.0,-0.9312890522896856,0.0,0.0,-0.0,0.0,-0.0,0.0,0.0,0.0,-0.0,-0.13406109086957807,0.0,-0.0,0.0,-0.0,-0.0,0.0,0.0,0.0,-0.42257266469923593,-0.0,0.0,-0.0,0.0,0.0,0.0,0.003674312557353704,0.0,0.0,0.0,0.0,0.0,-0.0,0.0
4327628,-0.4979323745334774,-0.0,-1.3014283687451504,0.0,0.0,0.0,-0.0,-0.2951971537443434,0.039427969148697395,0.0,-0.0,-0.0,-0.0,-0.0,-0.0,0.0,0.0,-0.0,-0.0,0.0,-0.0,-0.1252087293068759,-0.0,-0.0,-0.0,0.0,-0.0,0.0,-0.0,0.00013935255412816927,-0.0,0.0,0.1222915259738967,0.0005067651722050481,0.02530257371931316,0.0,-0.0,0.0,0.0,0.0,0.0,0.0,0.0,0.0,-0.0,-0.0,-0.0,0.0,0.0,0.0,0.0,0.023750622357373102,0.0,3.5365577895443527,-0.0,0.0,0.0,0.0,0.0,0.0,0.0,0.0,0.0,0.0,-0.37040974591746545,0.0,-0.0,0.0,0.0,0.0,0.0,0.0,-0.6610272980891254,-0.24388985793352125,0.0,-0.0,-0.0,0.0,0.0,-0.0,0.0,0.0,0.0,0.0,-0.0,-0.0,0.0,0.0,0.0,-0.0,0.0,-0.0,0.0,0.0,-0.0,0.0,0.0,0.0,0.0,0.0,0.0
4328189,-0.40872873751452365,-0.06989115691479039,-0.0,0.0,0.0,0.0,-0.166148604297765,-0.0,0.0,0.0,0.0,-0.2738738956678748,-0.0,-0.3898544461863284,-0.0,0.0,-0.0,-0.29896755331644964,0.0,0.0,-0.0,-0.0,-0.0,-0.0,-0.0,0.021906308609243433,0.0,0.0,-0.0,0.0,-0.0,0.0,0.0,0.0,0.0,0.0,-0.0,0.0,0.0,0.0,0.0,0.012040474507076515,-0.0,0.0,-0.0,-0.0,-0.0,0.0,0.0,0.0,0.0,0.0,0.0,-0.0,2.222519906688137,0.041964249914555024,0.0,0.0,0.0,0.0,0.0,-0.0,0.0,0.0,-0.11626755887375378,-0.0,-0.18891630070355264,-0.0,-0.10121640648607089,0.01752574685095093,-0.0,0.0,0.0,-0.0,0.0,0.0,0.0,0.0,0.0,0.0,0.0,0.014608539437978796,0.0,0.0,-0.0,-0.1632519798980718,0.0,0.0,0.0,0.004810255192087276,0.0,-0.0,0.0,-0.0,-0.0,0.0,0.0,0.0,0.0,0.0,0.0
4328910,0.0,0.0,0.0,0.0,-0.0,-0.0,0.15158338287938875,0.00460923915896963,-0.0,0.0,-0.04926417447622192,0.034641424471347035,-0.0,0.0,0.0,0.0,-0.0,0.0,0.0,0.0,0.0,0.004619079393701278,-0.0,0.0,0.0,0.0,0.0,0.0,0.026313421276096066,0.0,0.0,-0.0,-0.0,-0.0,-0.0,0.0,0.0,0.0,0.0,-0.0,0.0,0.0,0.0,0.0,0.0,0.0,0.0,0.0,0.0,0.0,0.0,0.0,-0.0,0.0,0.041964249914554996,1.7121830426837157,0.0,0.0,-0.0,0.0,-0.0,0.0,0.0,0.0002893082631676286,0.0,0.0,0.0,-0.0,0.0,-0.0,0.0,-0.0,0.0,0.0,-0.0,-0.0,-0.0,0.0,-0.0,-0.0,0.0,-0.25717944907307744,-0.0,0.0,-0.0,0.0,0.0,-0.0,0.0,0.0,-0.517933032278824,-0.0,0.03139455046436483,0.0,-0.0,0.0,-0.6070245362132496,-0.0,0.0,-0.0,0.0
4330071,0.0,0.0,0.0,-0.0,-0.12969401180086015,-0.0,-0.0,0.0,-0.0,-0.20007135869842707,0.06638813071125504,0.0094920394043298,0.0,0.0,0.1256706921352183,0.0,0.0,0.0,-0.0,-0.0,0.0,0.0,0.0,0.0,0.0,-0.0,-0.0,-0.0,-0.0,-0.0,-0.3295911783333666,-0.0,-0.16431446102679126,-0.0,-0.0,0.0,0.0,-0.1744005845164302,0.0,-0.09568404788436788,-0.0,0.0,0.0,0.0,0.0,-0.0,-0.0,-0.0,0.0,-0.0,-0.0,-0.3645394570723554,-0.0,0.0,0.0,0.0,1.705551376033946,-0.0,0.0,0.0,0.0,-0.13380905772188215,-0.0,-0.0,0.0,0.0,0.0,0.0,0.0,-0.013849359509396655,-0.0,-0.0,-0.0,0.04053724832072557,-0.0,0.0,0.09246127957373379,-0.0,-0.03894769072880867,0.0,-0.0,0.0,-0.0,0.0,0.0,0.0,-0.0,-0.0,0.0,-0.0,0.02951862797210937,0.0,0.0,-0.0,-0.0,0.0,0.03959176987032195,0.0,0.0,-0.2967268348453064,-0.004183921152554199
4344883,0.0,-0.0,0.0,0.0,0.0,-0.0,0.0,0.0,-0.0,-0.0,0.034678708988593654,0.0,0.0,0.0,0.0,-0.0,-0.18600540661573103,0.0,0.01779831205541585,-0.0,0.0,0.0,0.0,0.0,0.0,-0.0,-0.0,-0.0,0.0,0.0,0.0,-0.0,0.0,-0.0,-0.0,0.0,0.0,-0.0019605423785016007,-0.0,-0.0,0.0,-0.3569090521831958,0.0,-0.6961559365662745,0.05528240763203568,0.0,0.0,-0.0,0.0,0.0,0.0,-0.0,-0.0,0.0,0.0,0.0,-0.0,1.5834754275950877,-0.02424899417084933,0.0,0.0,-0.0,-0.0,0.0,0.013803688841834263,0.0,0.06582363111319653,0.0,-0.0,0.0,-0.0,-0.0,0.0,0.06684458824771905,-0.0,0.0,0.0,-0.0,0.0,0.0,-0.0,0.0,0.0,0.0,0.0,0.0,0.0,0.0,0.0,0.0,0.0,0.0,-0.0025969679137792523,0.0,0.0,0.0,0.0,0.0002249860668265824,0.0,0.0,0.0
4347159,0.0,0.0,0.0,0.027378817326802293,0.011875021239285882,0.00225552363376047,0.04779820562629579,0.10906158201318253,0.0,-0.0,0.0,0.0,-0.0,0.0,0.0,0.0,-0.030882858797415202,0.021542535178449507,0.19232323646778138,-0.0,0.0,0.01726195342707182,-0.0,-0.0,-0.0,-0.0,0.0,0.0,0.0,0.0,0.01557010316458407,-0.0,0.0,-0.0,-0.0,0.0,-0.0,-0.0,-0.2966722366313185,0.0,0.005302222439307613,-0.18913936939762632,0.0,-0.0,0.0,-0.0,-0.09640822408062569,0.0,0.0,0.0,0.016520025850396525,0.0,0.0,0.0,0.0,-0.0,0.0,-0.024248994170849344,1.1986150830895017,0.02224342917730912,-0.0,0.0,0.01005706605144796,-0.0,0.0,0.0,-0.0,-0.0,0.06708172249552546,-0.0,0.0,0.022617453478018495,0.0,0.0,0.0,0.0,0.0,0.0,-0.0,0.0,-0.0,0.0,0.0,0.0,-0.0,-0.0,-0.0,-0.0,0.0,0.0,-0.0,-0.0,-0.0,0.008194179200754131,0.0,-0.0,-0.0,-0.0,0.054551151320594224,-0.0,0.0
4354477,0.0,0.0,0.0,0.0,-0.0,0.0,-0.0,-0.16241511645204484,0.0,0.0,0.0,-0.09737291940329015,0.023725329909251414,-0.0,-0.0,-0.7703240150992765,0.0,-0.0733454078518126,0.0,0.0,-0.3340964708985063,-0.0,0.016920654410299496,0.08458889816318488,-0.0,0.0,0.0,0.0,0.0,0.0,0.0,0.0,0.0,0.0,0.0,-0.696194061380011,0.0,0.0,0.0,0.0,0.0,0.0,-0.7877971399002441,0.0,0.0,0.0,0.0,0.0,-0.46402226949286784,0.0,0.0,0.0,0.0,0.0,0.0,0.0,0.0,0.0,0.02224342917730912,4.995024831577522,0.0,-0.0,-0.0,-0.0,0.0,-0.6608336289016007,0.0,0.0,-0.0,0.0,0.0,-0.0,0.0,-0.0,0.0,0.0,0.0,0.0,0.0,0.0,0.0,0.0,0.0,-0.37490162010678646,0.0,0.10506140917663612,0.0,0.0,-0.5730107967858679,0.0,0.0,0.00421485844701891,-0.0,0.0,0.0,-0.0,0.0,1.2168424762259988e-07,-0.0,0.0,0.0
4359590,0.0,0.06686181900850613,0.0,0.07387745815096597,0.0,0.1324641984146543,0.0,0.0,0.004760882560967447,-0.0,-0.0,0.0,-0.0,0.0,0.0,0.0,-0.0,0.0,0.0,-0.005851093549134101,0.0,0.0,0.0,0.0,0.0,0.0,-0.0,0.0,0.0,0.0,0.04774256275930393,-0.014919509521041582,0.0,0.0,0.0,0.0,0.0,0.0,0.0,0.11570264235238986,0.0,-0.0,0.0,0.0,0.0,0.0,0.0,0.0,0.0,0.0,0.00038696496136547687,0.0,-0.6926658180185177,0.0,0.0,-0.0,0.0,0.0,-0.0,0.0,2.624306839632656,-0.0,0.06959701613981539,0.0005155053362591866,0.0,0.0,0.0,-1.4322934049645863,0.0,0.0,-0.0,0.0,-0.0,0.0,0.0,0.0,-0.0,-0.0,0.0,-0.0,0.0,-0.0260889340440897,-0.0,0.0,-0.0,-0.0,-0.0,-0.0,0.0,-0.0,0.0,-0.0,0.0,0.0,0.0,0.0,0.0,-0.0,0.019303223508416997,-0.0,0.0
4363066,-0.0,0.0,-0.0,0.0784443256305537,0.0,0.0,0.0,-0.0,0.0,-0.0,0.08921510863549115,-0.0,0.0,0.0,0.0,0.0,0.0,-0.0,0.0,0.0,-0.0,0.0,0.0,0.0,0.0,0.0,-0.0,0.05422851268738871,0.0,0.0,-0.22536854151807278,0.0,-0.0,0.0,0.0,-0.09045553485526248,-0.0,-0.014853862145704957,0.0,0.0,-0.04607349910165574,0.0,0.0,0.010467901061634394,-0.05640740068202656,0.0,-0.0,0.0,0.0,0.0,0.0,0.0,0.0,0.0,-0.0,0.0,-0.1338090577218821,-0.0,0.0,-0.0,-0.0,1.1859564944526442,0.03536249753642669,-0.0,0.0,-0.0,0.0,-0.0,0.0,0.0,-0.05576459997557294,0.0,-0.0,0.0,0.0,0.0,0.0,0.0,-0.0,0.0,-0.0,0.0,0.0,-0.0,0.0,-0.0,0.0,-0.0,0.0,0.0,0.0,0.0,-0.0,0.0,-0.13723075516998834,0.009061460812674976,0.0,-0.09487993077262594,0.0,-0.048526650659692916,-0.00445359182319055
4364814,0.0,-0.0,0.0,-0.22943946292221717,-0.0,-0.0,0.0,0.0,-0.23025592848881593,0.029832884648085256,-0.0,-0.0,0.0,-0.0,0.0,-0.0,-0.0,0.0,-0.0,0.0,0.0,0.0,0.0,0.0,0.013817713543068974,-0.013074744909319688,0.0,-0.05917558752225263,-0.0,-0.0,0.0,-0.017394705560616952,-0.0,-0.11367335106789592,-0.03196743623720215,0.0,0.0,0.0,-0.0,-0.03882602622691131,-0.006738159406574934,0.0,0.0,-0.11534114494083156,0.0,0.0,0.0,-0.008991253294643758,0.0,-0.0,-0.0,-0.0,0.0,0.0,0.0,0.0,-0.0,-0.0,0.01005706605144796,-0.0,0.06959701613981539,0.03536249753642669,1.292441944996603,0.0,0.0,-0.0,0.0,0.0,-0.14165942891161215,0.0,-0.0,-0.0,0.10509448180543318,0.0,-0.0,-0.0,0.0,-0.0,0.0,0.0,-0.0,-0.0,-0.0,0.0,0.08911247485280144,0.0,0.0,-0.0,-0.0,0.0,0.0,0.02736241636319292,0.0,-0.0,0.02299274725303249,-0.0,0.0,0.0,-0.0,0.0,-0.0
4365130,0.07392873105166936,0.0,0.0,0.0,-0.0,-0.002039750616306249,0.0,-0.0,0.0,-0.0,0.0,0.0,0.0,0.0,0.0,-0.0,-0.0,0.0,0.0,0.0,-0.0,0.0,0.0,0.00636138649283699,0.0,0.0,0.0,0.0,0.045882901819713884,0.0,-0.0,0.0,0.0,4.132792508770855e-07,0.0,-0.011459316161968922,0.0,-0.002330758740978933,-0.0,-0.0,0.0,0.0,-0.0,0.0,0.0,0.0,-0.0,0.0,-0.012101266050613013,0.0,-0.00792888252722529,-0.0,0.0,0.0,0.0,0.0002893082631676286,-0.0,0.0,-0.0,-0.0,0.0005155053362592005,-0.0,0.0,1.2987953699325332,0.06371550349434218,-0.0,0.0,0.06439104353278285,0.0,-0.0,0.0,-0.0,-0.0,0.0,-0.0,0.0,0.0,0.0,0.0,0.002979824580523746,0.0,0.0,0.0,-0.02529823614215669,0.0,0.0,-0.0,0.0,-0.0,0.0,0.014529060379446235,0.0,-0.5335530571258582,-0.0,-0.0,0.0,0.0,0.0,-0.20848107235462116,-0.0,0.0
4368600,-0.6308800475569272,-0.0,-0.0,0.0,0.0,0.0,-0.07993689426320871,-0.0,0.012194156437069448,0.0,0.0,-0.0,-0.0,-0.07898951318221187,-0.6848861785498237,0.0,0.0,-0.0,0.0,0.0,-0.0,-0.0,-0.0,-0.08971473251546222,-0.6050321712640345,0.006054384455685818,0.0,0.0,-0.0,0.0,-0.0,0.0,0.0,0.0,0.12442490908242296,0.0,-0.0,0.0,0.0,0.0,0.0,0.0,0.0,0.06912260434210432,-0.0,-0.0,-0.0,0.0,0.0,0.0,0.038467431108833966,0.0021386472834613313,0.0,-0.37040974591746545,-0.11626755887375373,0.0,0.0,0.01380368884183425,0.0,0.0,0.0,0.0,0.0,0.06371550349434224,4.2809741392808105,0.0,-0.730675763608357,0.0,0.0,0.0,0.0,0.05157732139679794,-0.0,-0.6542004819976355,0.06100528140924692,0.0,-0.0,0.01755598584528005,0.0,0.0,0.0,0.0,0.0,-0.0,-0.23087975292813773,-0.0,0.0652482231725314,0.0,0.0,0.0,-0.0,-0.034567228764037825,0.0,0.0,-0.0,0.0,0.0,0.0,0.0,0.0,0.0
4375000,0.0,0.0,0.0,0.0,-0.0,-0.0,-0.05000662137827422,-0.14625309016336283,0.0,0.0,0.0,-0.010457563636742606,0.0,-0.0,-0.0,-0.717186913413506,0.0,-0.13523291066319998,0.0,0.0,-0.13712644147958994,-0.0,0.07617556020779867,0.0,-0.0,0.0,0.0,0.0,0.0,0.0,0.0,0.010258544375627732,0.0,0.0,0.0,-0.591382620466024,0.0,0.0,0.0,0.0,0.0,0.0,-0.6842095617579439,0.0,0.0,0.0,0.0,0.0,-1.1227981982955637,0.0,-0.0,0.0,0.0,0.0,-0.0,0.0,0.0,0.0,0.0,-0.6608336289016007,0.0,-0.0,-0.0,-0.0,0.0,4.74856178032387,0.0,0.0,-0.0,0.0,0.0,0.0,0.0,-0.0,0.0,0.0,0.0,0.0,0.0,1.0173652459366522e-07,0.04474145785270829,0.0,0.0,-0.1191311718078436,0.0,0.059490117951332036,0.0,0.0,-0.2956576346752746,0.0,0.0,0.07834225966414826,-0.0,0.0,0.0,-0.0,0.0,3.101160119256541e-07,-0.0,0.0,0.0
4384058,-0.0,-0.0,-0.0,0.0,0.0,0.0,-0.07449302056733415,0.0,0.0,0.0027482063312984084,0.0,-0.0,-0.21327906293759274,-0.3062703695905962,-0.6032462424646152,0.0,0.0,-0.0,0.0,0.0,-0.0,-0.0,-0.33924738396445836,-0.43673383947109823,-0.5505484865351715,0.0,0.0,0.0,-0.0,0.0,-0.0,0.0,0.0,0.0,0.0,0.0,-0.0,0.0,0.0,0.0,0.0,0.002609995269328924,0.0,0.0,-0.0,-0.2520225719756891,-0.0,0.0,0.0,0.0,0.0,0.0,0.0,-0.0,-0.1889163007035527,0.0,0.0,0.06582363111319653,-0.0,0.0,0.0,0.0,0.0,0.0,-0.730675763608357,0.0,4.092706954536359,0.0,0.0,0.0,0.0,0.0,0.021242967481358954,-0.4935332415663327,0.0,0.0,0.0,0.0041395866008955284,0.0,0.0,0.0,0.0,0.0,0.0,-0.05980516396488303,-0.016490554033799926,0.0,0.0,0.0,0.02061443296982271,-0.0,-0.12557241982282485,0.0,0.0,-0.0,0.0,-0.0,0.0,0.0,0.0,0.0
4387208,0.0,0.0,0.0,0.0,0.0,0.0,0.0,0.0,0.0,-0.0,-0.0,0.0,-0.0,0.0,0.0,0.0,-0.0,0.0,0.0,-0.5568569294602415,0.0,0.0,0.0,0.0,0.0,0.0,-0.039248756779577565,0.0,0.036173238790577905,0.0,0.0,-0.0,-0.0,0.0,0.0,0.0,0.0,-0.0,0.0,0.0,-0.0,-0.0,0.0,0.0,0.0,0.0,0.0,0.0,0.0,0.16695136372307806,0.0,0.0,-0.9312890522896855,0.0,-0.0,-0.0,0.0,0.0,-0.0,0.0,-1.4322934049645863,-0.0,0.0,0.06439104353278288,0.0,0.0,0.0,3.6058058982904644,0.0,0.0,-0.0,0.0,-0.0,0.0,0.0,0.0,-0.0,-0.0,0.0,-0.0,0.014405447784945319,-0.0054938380564960865,0.0,0.0,0.0,-0.0,-0.647448763891452,-0.0,0.0,-0.0,0.0,0.0,0.057100926687104384,0.0,0.0,0.0,-0.0,0.0,0.010700104990844589,0.0,0.0
4390410,-0.0,-0.12435721485765916,0.0,-0.0,0.0,-0.0,-0.0,-0.0,-0.0015216900924985982,0.0,0.0,-0.28225416355215793,0.0,-0.0,0.0,-0.0,-0.0,-0.0,-0.0,0.0,-0.0,-0.0,0.0,0.0,0.0,0.0,0.0,-0.0,-0.0,-0.0,0.0,0.0,-0.0,-0.0,-0.0,0.0,0.0,0.009009553784658952,-0.0,-0.0,-0.0,0.0,-0.0,-0.0075207824747752505,0.0,0.0,-0.0,-0.0,-0.0,-0.0,-0.0,0.0,0.0,0.0,-0.10121640648607091,0.0,0.0,-0.0,0.06708172249552546,-0.0,0.0,0.0,-0.14165942891161212,0.0,0.0,-0.0,0.0,0.0,1.185138794595153,0.0,-0.0,0.0,0.08553535715985183,-0.0,-0.0,0.0,0.0,0.0,0.0044002026101238045,0.0,0.0,-0.06299588735414358,0.0,0.0,0.0,-0.0,0.0,0.0,-0.0,0.0,0.00937205865466717,0.031536357300947726,0.0,-0.17947001411328306,0.0,0.0,0.0,0.009511721365054945,-0.06964689068333663,0.0,0.0
4396235,0.0,0.0,0.0,-0.0,-0.0,-0.010641860426058261,0.0,0.0,0.0,-0.0,0.0,0.15371427007214128,0.0,0.043690406824195005,0.0,0.0,0.0,0.0,-0.0,0.0,0.0,0.0,0.0,0.0,0.0,0.0,-0.0,0.0,0.0,0.0,-0.14151653569501818,-0.02527434638434263,-0.0,0.0,0.0,0.0,-0.0,-0.0,-0.0010244961045480505,-0.0,-0.0,0.0,0.0,0.0,-0.0,-0.0,0.0,0.0,0.0,0.0,-0.0,-0.0,0.0,0.0,0.01752574685095093,-0.0,-0.013849359509396655,0.0,-0.0,0.0,0.0,0.0,0.0,-0.0,0.0,0.0,0.0,0.0,0.0,1.20454202333257,0.0,-0.0,-0.0,0.04556701632301166,-0.0,-0.0,-0.0,0.0,-0.055746317107102566,-0.0,-0.0027512955277964046,-0.0,-0.0,0.0,0.0,0.0,-0.0,-0.07256400158843043,0.0,0.0,-0.0,0.0,-0.0,-0.0,-0.0,0.0,0.0,-0.035523695473425446,0.0,-0.21204213983305908,-0.0
4411138,0.0,0.0,0.01418617891511001,0.0,0.0,0.0,0.0,0.0,-0.0,-0.0,-0.0,0.0,0.0,0.0,0.0,0.0,-0.0,0.0,-0.0,-0.09923837233733718,0.0,0.0,0.0,0.0,0.0,-0.0,-0.0,-0.03239092688660562,-0.0,-0.0,0.0,-0.0,-0.2537985385564484,-0.0,-0.0,-0.0,-0.0,-0.0,-0.0,0.0,-0.03018725669826687,0.0,0.0,0.0,-0.0,0.06425456823288675,0.0,-0.0,0.0,-0.0,0.0,-0.0,-0.0,0.0,-0.0,0.0,-0.0,-0.0,0.0,0.0,-0.0,-0.05576459997557291,-0.0,0.0,0.0,0.0,0.0,-0.0,-0.0,0.0,1.2223846386119823,0.0,0.0,0.0032853629018030905,0.0,0.0,0.0,-0.0,0.0,-0.1503359042932238,-0.0,0.0,-0.0,0.0,0.07891898845024825,0.0,-0.0,-0.0,0.0,-0.0,0.0,0.0,0.0,0.0,-0.0,-0.0,0.0,-0.0,0.019632922216991908,0.0,-0.11569940472005022
4414596,0.0,0.0,0.0,-0.004875099750733358,-0.6901421400373053,-0.3293256665895397,0.0,0.0,-0.0,-0.0,0.0,0.10192787837879821,-0.0,0.0,0.06606476011202839,0.0,0.0,0.0,-0.0,0.0,0.0,0.0,0.0,0.0,0.0,-0.0,0.0,0.0,0.0,-0.0,-0.0,0.0,-0.0,0.0,0.0,0.0,0.0,-0.0,0.0,-0.2606291726168101,0.0,0.0,0.0,0.0,0.0,-0.0,0.0,-0.0,0.0,-0.0,-0.6334338762086315,-0.11351851231261928,0.0,0.0,0.0,-0.0,-0.0,-0.0,0.022617453478018495,-0.0,0.0,0.0,-0.0,-0.0,0.05157732139679794,0.0,0.0,0.0,0.0,-0.0,0.0,2.357102866883511,0.0,0.0,-0.22036263100148562,0.0,0.0,-0.0,-0.0,0.0,0.0,-0.028250074498328365,0.0,0.0,0.0,0.0,0.0,0.027181479304705408,0.0,0.0,0.0,0.0,0.0,-0.0,0.0,0.0,0.0,0.0,-0.0,-0.0,-0.0
4416113,-0.0,0.0,-0.6287981268543996,0.11744161749200066,0.0,0.0,0.0,-0.2887092653515298,0.0,-0.02472128992738029,-0.0,0.0,0.0,0.02424796718491684,0.0,0.0,0.0,0.0,-0.0,0.0,0.0,0.0,0.0,0.0,0.0,0.0,-0.20143085475918454,0.0,0.0,0.0,-0.0,-0.0,0.0,0.09359562873336508,0.0,0.0,0.0,-0.0,0.014038110182019281,0.0,0.0,0.0,0.0,0.03611077560360701,0.0,0.0,-0.0,0.0,0.0,0.0,0.0,0.0,-0.0,-0.6610272980891254,0.0,0.0,-0.0,0.0,0.0,0.0,-0.0,-0.0,0.10509448180543313,-0.0,-0.0,0.0,0.02124296748135894,-0.0,0.08553535715985183,-0.0,0.0,0.0,2.0263858357352227,-0.0,0.0,-0.0,-0.14289615789723578,0.0,-0.0,-0.0,-0.0,-0.0,0.0,-0.0,0.0,0.0,0.0,0.0,0.0,-0.0,0.0,0.0,-0.0,0.0,-0.0,0.0,0.0,0.0,0.07343598727103073,-0.04521899788404796,0.0
4418165,-0.35650319873836434,-0.0,-0.4594878238846888,0.0,0.0,0.0,-0.0,-0.0813085904565074,0.000399590442558731,0.0,0.0,-0.09046585473978705,-0.0,-0.2802306784793671,-0.3370216614041941,-0.0,0.0,-0.0,0.0,0.07100503790226628,-0.0,-0.651443476816232,-0.0,-0.0,-0.38872545094524835,0.0,0.0,0.0,0.0,0.0,0.0,0.0,0.06497730042481498,0.007398904479808233,0.07255347880229673,-0.0,-0.0,0.06063972134486298,0.0,0.09417188121592854,0.0,0.05548466458977884,-0.0,0.0,0.0,-0.0,-0.0,0.0,-0.0,0.0,0.0,0.06017502530697111,0.0,-0.24388985793352103,-0.0,0.0,0.040537248320725555,0.06684458824771908,0.0,-0.0,0.0,0.0,0.0,0.0,-0.6542004819976356,-0.0,-0.4935332415663327,0.0,-0.0,0.045567016323011675,0.0032853629018030905,0.0,-0.0,4.140648315965566,0.01589452151134546,0.0,-0.0,0.09800128233897976,0.0,0.0,0.0,0.0,0.0,-0.0,-0.06273757571245833,-0.0,0.0,0.0,-0.0,0.0,0.0,-0.0,0.0,0.0,-0.0,0.0,0.0,0.0,-0.0,0.0,0.0
4420570,0.0,0.0,0.0,-0.11557842499780138,-0.0,-0.21014292949136593,0.0,0.0,-0.0,0.0,0.0,0.0,0.0,0.0,0.0,0.0,0.0,0.0,-0.0,0.0,0.0,0.0,0.0,0.0,0.01071632517408,-0.0,0.0,0.0,-0.0,-0.0,-0.0,0.06960255652636071,-0.0,-0.0,-0.0,0.0,0.0,-0.0,0.0,-1.7790229615326858,-0.0,0.0,0.0,0.0,0.0,-0.0,0.0,-0.0,0.0,-0.0,-0.06634314775262365,-0.0,0.0,0.0,0.0,-0.0,-0.0,-0.0,0.0,0.0,0.0,0.0,-0.0,-0.0,0.06100528140924698,0.0,0.0,0.0,-0.0,-0.0,0.0,-0.22036263100148562,0.0,0.015894521511345364,2.6899302968346293,0.0,0.0,-0.0,-0.0,0.0,0.0,-0.0,0.0,0.0,0.0,0.01608449843724065,0.0,0.10172110023579628,0.0,0.0,0.0,0.0,0.0,-0.09258146482201135,0.0,0.0,0.0,0.0,-0.0,0.0,-0.0
4424239,0.0,0.0,-0.0,0.0,0.0,0.0,0.0,-0.0,0.05525574109739545,0.0,-0.5306156670389219,0.0,0.0,0.0,0.0,0.0,-0.0,0.0,-0.4420105072440772,0.0,0.0,0.0,0.0,0.0,0.0,0.0,-0.0,-0.0,0.01757267996035705,0.0,0.0,-0.0,0.0,-0.0,0.0,0.0,0.0,0.0,-0.0,0.0,0.0,-0.0,0.0,0.0,0.0,0.0,0.0,0.0,0.0,0.0,0.0,0.1793844339564938,0.0,-0.0,0.0,-0.0,0.0,0.0,0.0,0.0,0.0,0.0,-0.0,0.0,0.0,0.0,0.0,0.0,0.0,-0.0,0.0,0.0,-0.0,0.0,0.0,3.4096077073798425,-0.9188155616768705,0.02212654618665684,-0.42165861462627774,-0.0,-0.0,0.0,0.0,0.0,0.0,0.0,0.0,-0.0,0.0,-1.2035648693851417,-0.0,0.0,0.0,0.0,0.021019862158539404,-0.0,-0.0,0.0,-0.0,-0.0,0.0
4425214,-0.0,0.0,-0.0,0.0,0.02800526817192553,0.0,0.0028694759082223686,0.0,0.0,0.02466817494856667,-0.7929938355347427,0.0,-0.0,0.01889941511414489,0.0,0.0,0.0,0.0064176889652375335,-0.4209541381717688,0.0,0.0,0.0,0.0,0.0,0.0,0.0,-0.0,-0.0,0.0,0.0,0.0,-0.008374028972500794,0.0,-0.0,0.0,0.0,0.0,0.04714111678188142,0.0012576575079820684,0.0,0.0,0.0,0.0,0.0,0.0,0.0,0.019203163356399017,0.0,0.0,0.0,0.008673997630258654,0.0,-0.0,-0.0,0.0,-0.0,0.09246127957373382,0.0,0.0,0.0,-0.0,0.0,0.0,0.0,-0.0,0.0,0.0,-0.0,0.0,-0.0,0.0,0.0,-0.14289615789723578,-0.0,0.0,-0.9188155616768704,2.603552562469417,0.0,-0.0,-0.21111468205903294,0.0,0.0,-0.0,0.0,-0.0,0.0,0.0,-0.0,0.0,-0.04565445248406709,-0.0,0.0,0.01839858529282122,0.0,0.0,0.0,-0.0,-0.0,-0.0,-0.0,0.0
4427114,0.0,0.07208434821983811,0.014666606938153304,0.0,0.0,0.0,0.0,0.0,-0.0,-0.0,0.0,0.0,0.0,0.0,0.0,0.0,-0.0,0.0,0.0,-1.3948434155154197,0.0,0.0,0.0,0.0,0.008665675452137173,-0.08666603993229582,-0.0,-0.32047297617175563,-0.008793551469214927,-0.04410265542304766,0.0,-0.0,-0.18670085239186818,-0.0,-0.0,0.0,0.0,-0.039248021400889954,0.0,-0.0,-0.08504700765038878,-0.0,0.0,0.0,0.0,0.0,0.0,-0.0,0.0,-0.11723371335400956,-0.0,-0.15524267962832194,-0.13406109086957801,0.0,0.0,0.0,-0.0,-0.0,0.0,0.0,-0.0,0.0,-0.0,0.0,0.017555985845280064,0.0,0.0041395866008955146,-0.0,0.0,0.0,-0.0,-0.0,0.0,0.09800128233897976,-0.0,0.022126546186656854,0.0,2.858051903265569,0.0,0.0,0.0,0.0,-0.0,0.0,0.003740065932500175,0.0,-0.014463550475987963,-0.0,0.0,0.0,0.018528780115638965,0.0,0.0,0.0,0.0,0.0,0.0,0.0,0.0,0.0,-0.4885626108450254
4437024,0.0,0.029622299633416366,0.0,0.0,-0.0,-0.0,0.0,0.0,0.06460400782318082,-0.09710512504120364,-0.0,0.19430294719058328,0.0,0.0,0.030333915969832204,0.0,-0.0,0.0,-0.0,0.0,0.06695908696402297,0.07897220196173008,0.0,0.0,0.028947820608275165,0.0,-0.0,-0.0,0.1311901916759825,0.0,-0.042129425212212704,-0.0,-0.0,-0.0,-0.0,0.0,0.0,-0.0,-0.0,-0.0,0.0,-0.07318965553914958,0.0,0.0,0.0,0.0,0.0,0.0,0.0,0.0,-0.0,0.0,0.0,0.0,0.0,-0.0,-0.03894769072880867,0.0,-0.0,0.0,0.0,-0.0,0.0,0.0,0.0,0.0,0.0,0.0,0.0044002026101238045,-0.055746317107102566,0.0,-0.0,-0.0,0.0,-0.0,-0.42165861462627763,-0.0,0.0,2.031912609709435,-0.0,-0.04995825267981434,0.0,0.0,0.0,0.0,0.0,0.0,-0.0,0.0,-0.661077692687505,0.0,0.0,-0.0,0.0,0.0,-0.0,0.0,0.0,0.032147674544279276,-0.42239345143981777,0.0
4439603,-0.0,0.0,-0.0,0.0,0.033345117738339716,0.0,0.035816995928065073,0.0,0.0,-0.0,-0.15881544181066343,0.0,0.0,0.0276821320315941,0.0,0.0,-0.0,0.0,-0.02734331317026087,0.0,0.0,0.0,0.0,0.0,0.0,0.0,-0.15184237738406017,-0.022873430583932153,0.0,0.0,0.0,-0.0,-0.05234354959287699,-0.0,-0.0,0.0,-0.0,-0.0,0.0,0.02154355965038221,0.0,0.0,0.0,0.0,-0.0,0.0,0.0,0.0,0.0,0.0,0.0,0.0,-0.0,-0.0,0.0,-0.0,0.0,0.0,0.0,0.0,-0.0,0.0,0.0,0.0029798245805237183,0.0,1.0173652459366522e-07,0.0,-0.0,0.0,-0.0,-0.1503359042932238,0.0,-0.0,0.0,0.0,-0.0,-0.21111468205903305,0.0,-0.0,1.489736523988534,-0.02803688015413039,0.0,-0.0,0.0,0.0,0.0,0.0,-0.03622954130603226,0.0,-0.40439454854418566,-0.0,0.0,0.0,0.0,-0.0,-0.0,-0.0031488884654053972,-0.0,0.0,-0.0,-0.0
4442130,0.0,0.0,0.0,0.0,0.0,0.0,0.0,0.0,-0.0,-0.0,0.0,0.0,0.0,0.0,0.0,0.0,0.0,0.0,0.0,0.0,0.0,0.0,0.0,-0.0,0.0,-0.0,-0.0,-0.0,-0.0,0.0,-0.0,-0.0,-0.2766356074919118,-0.0,-0.0,0.0,-0.0,-0.0,-0.05559599958584199,0.0,-0.0,0.0,0.0,0.0,-0.0,0.0,0.0,-0.0,0.0,-0.0,0.0,-0.0,0.0,0.0,0.0,0.0,-0.0,-0.0,-0.0,0.0,0.0,-0.0,-0.0,0.0,0.0,0.04474145785270829,0.0,0.014405447784945333,0.0,-0.0027512955277964046,-0.0,0.0,-0.0,0.0,0.0,-0.0,0.0,0.0,-0.04995825267981435,-0.028036880154130403,1.209050200334897,0.0,-0.0,0.0,0.0,-0.0,0.0,-0.0726745585426059,0.006178061681522837,-0.0,-0.0,0.0,0.0,0.0,0.0,0.0,-0.0,-0.047918063446051165,0.0,-0.24144042612184002,0.0
4445673,0.0,0.0,0.0,-0.0,-0.0,-0.0,0.018592943377420956,0.0,-0.1761670539858235,0.07628244011286708,0.0,0.0,0.0,0.0,0.0,0.0,0.0,0.0,0.0,0.0,0.0,0.0,0.0,0.0,0.0,-0.0,0.0,0.014765150505652094,0.0,0.0,0.0,-0.0,0.0,-0.0,-0.0,0.0,0.11625688808824933,0.007628198354693735,0.0,-0.0,0.0,0.0,0.0,-0.0,0.0,0.0,0.03648472381001715,-0.0,0.0,0.0,-0.0,-0.0,-0.0,0.0,0.014608539437978796,-0.2571794490730773,0.0,0.0,0.0,0.0,-0.026088934044089684,0.0,-0.0,0.0,0.0,0.0,0.0,-0.0054938380564960865,-0.06299588735414358,-0.0,0.0,-0.028250074498328337,-0.0,0.0,-0.0,0.0,0.0,0.0,0.0,0.0,0.0,1.1332941544629263,-0.0,0.0,0.0,0.0,0.0,-0.0,0.0,0.0,-0.00738897967407337,0.0,0.0,-0.0,0.060248702924869585,0.0241901579881013,-0.0,0.0,0.0,-0.0,0.0
4446058,0.0,0.0,0.0,-0.0,0.0,0.0,0.033658332377476105,0.0,-0.0,0.0,-0.0,0.0,0.0,0.0,0.0,0.0,0.0,0.04501291790482341,0.0,-0.0,0.0,0.0,0.0,0.0,0.0,-0.22929284718297577,0.0,-0.04515553122733923,-0.31498755220700414,-0.30012003212273575,0.10204564014457512,-0.2239418623515605,-0.0,-0.0,-0.8839219074840247,0.0,0.0,0.0,0.0,0.0,0.0,0.0,0.0,-0.0,0.0,0.0,0.0,-0.5504889812257667,0.0,-0.10295395157136264,0.0,-0.0,-0.0,0.0,0.0,-0.0,-0.0,0.0,0.0,0.0,-0.0,0.0,-0.0,0.0,0.0,0.0,0.0,0.0,0.0,-0.0,-0.0,0.0,0.0,0.0,0.0,0.0,-0.0,-0.0,0.0,-0.0,-0.0,-0.0,2.915058814492795,0.0,0.0,0.0,0.0,-0.20892597017542625,0.0,0.0,0.0,0.0,0.00115238812005157,-0.0,0.0,0.0,0.0,0.0,0.0,-0.012387344990037366,-0.0
4448331,0.0,0.0,0.0,0.0,0.0,0.0,-0.0,-0.05727560140527142,0.017120519038255996,0.0,0.0,-0.0,0.0,-0.0,-0.0,-0.18722967738081733,0.04149296281446471,-0.0,0.0,0.06289480489569418,-0.6615753703288576,-0.0,0.0,0.0,-0.0,0.0,0.0,0.08708770187293635,0.0,0.0,0.0,0.0,0.13303330153225976,0.0006105300416388987,0.028798099231723315,-0.6744547267456251,0.0,0.0,-0.0,0.0,0.0,0.0,-0.15831903263174202,0.0,0.0,0.0,0.0,0.0,-0.4092251473663622,0.0,0.0,0.0,0.0,0.0,0.0,0.0,0.0,0.0,0.0,-0.37490162010678646,0.0,-0.0,0.0,-0.02529823614215669,-0.0,-0.11913117180784352,0.0,0.0,0.0,0.0,0.0,0.0,-0.0,-0.0,0.0,0.0,0.0,0.0,0.0,0.0,0.0,0.0,0.0,3.6204517672701226,0.0,0.0,0.0,0.0,-0.6654477535033899,0.0,0.0,0.0,-0.061145474667659405,0.0,0.0,-0.0,0.0,0.0,-0.09788159206309271,0.0,0.0005591524001811315
4449851,-0.0,-0.0,-0.0,0.0,0.0,0.0,0.0,0.0,0.0,0.0,0.0,0.0,-0.4417760059293947,-0.0,-0.0,0.0,-0.0,0.0,0.0,0.0,-0.0,-0.029262101250964956,-0.7223805850179283,-0.4631201900011922,-0.27345710390092554,0.0,0.0,0.0708967980407389,0.0,0.0,0.0,0.0,0.0,0.0,0.0,0.0,-0.0,0.02666782633925624,0.0,0.0,0.0,0.0,0.0,0.0,-0.0,-0.12534870426071465,-0.016535700459570396,0.0,0.0,0.0,0.0,0.0,0.0,-0.0,-0.0,-0.0,0.0,0.0,-0.0,0.0,-0.0,0.0,0.08911247485280144,0.0,-0.23087975292813756,0.0,-0.05980516396488299,0.0,0.0,0.0,0.07891898845024825,0.0,0.0,-0.0627375757124583,0.0,0.0,-0.0,0.003740065932500203,0.0,0.0,0.0,0.0,0.0,0.0,3.994887403922717,-0.14229517290321336,0.0,0.0,0.0,0.0,-0.0,-1.3037245341369095,0.0,0.0,-0.0,0.0,-0.0,-0.0,-0.0,0.0,0.0
4452050,-0.02384742340728717,-0.4237271190964179,-0.0,-0.0,0.0,0.0,0.0,0.0,0.0,0.0,0.0,-0.0,-0.17052400060570114,-0.0,-0.0,0.13760819302700195,-0.0,0.0,0.0,0.0,-0.0,-0.18863862614262294,-0.5084745303349547,-0.48714085203274415,-0.0,0.0,0.0,0.0,0.0,0.007990164245244541,-0.0,0.0,0.0,0.0,0.0,0.0,-0.0,0.0,0.0,0.0,-0.0,0.054260764515295545,0.09042312945020597,0.0,-0.09945017391581382,-0.11154433511142844,-0.00804121331032484,0.0,0.0802212856850546,0.0,0.0,0.0,0.0,-0.0,-0.1632519798980719,0.0,0.0,0.0,-0.0,0.10506140917663609,-0.0,-0.0,0.0,0.0,-0.0,0.05949011795133208,-0.016490554033799926,-0.0,-0.0,0.0,0.0,0.0,0.0,-0.0,0.016084498437240635,0.0,0.0,0.0,0.0,0.0,-0.0,0.0,0.0,0.0,-0.14229517290321345,2.8454736254136854,0.0,0.0,0.14877503556130384,0.06430634914081879,-0.0,-0.3717067743769128,0.0,-0.0,-0.0,0.1072986613043238,-0.0,-0.0,0.0,0.0,0.0
4453060,0.0,0.0,0.0,0.0,0.0,0.0,0.0,0.0,0.0945639711635424,-0.0,-0.0,0.0,0.0,0.0,0.0,0.0,-0.0,0.0,0.0,-0.41406192594103997,0.0,-0.0,0.0,0.0,0.0,0.0,-0.0,-0.0,0.08140007497201138,0.0,0.0,-0.0,-0.0,0.0,0.0,0.0,0.0,-0.0,-0.0,0.0,-0.0,-0.0,0.0,0.0,0.0,0.0,0.0,0.0,0.0,0.0,0.0,-0.0,-0.4225726646992358,0.0,0.0,0.0,-0.0,0.0,-0.0,0.0,-0.0,0.0,0.0,-0.0,0.06524822317253143,0.0,0.0,-0.6474487638914521,0.0,-0.0,-0.0,0.0,0.0,0.0,0.0,0.0,0.0,-0.014463550475988046,0.0,0.0,0.0,0.0,0.0,0.0,0.0,0.0,1.9535816790764295,-0.0,-0.0,0.0,0.0,0.0,-0.0,0.0,0.0,-0.0,0.0,0.0,0.0,0.0,0.0
4453535,0.0,0.0,0.0,0.0,0.0063771618673198055,0.048579892715344325,0.0,0.0,-0.0,-0.0,-0.0,0.0,0.07864096761872186,0.04912724130118609,0.0,0.028219705105280435,0.0,0.0,-0.0,-0.02201077718240836,0.0,0.06105667155229669,0.0,0.0,0.0,-0.0,0.0,-0.0,-0.0,-0.0,-0.0,-0.24883246406096854,-0.0,-0.0,-0.0,0.0,-0.0,-0.0,-0.0,0.04907319909793796,-0.0,0.0,0.0,-0.0,-0.0,0.0,0.0,-0.0,0.0,-0.0,0.0,-0.0,-0.0,0.0,0.0,-0.0,-0.0,0.0,-0.0,0.0,-0.0,-0.0,-0.0,0.0,0.0,0.0,0.0,-0.0,0.0,-0.07256400158843043,-0.0,0.027181479304705408,0.0,0.0,0.10172110023579625,-0.0,-0.0,-0.0,-0.0,-0.03622954130603229,-0.07267455854260588,-0.0,-0.2089259701754262,0.0,0.0,0.0,-0.0,1.4126013223694835,0.0,-0.0,-0.0,0.0,0.0,0.0,-0.0,0.0,-0.0,-0.16091579870829148,0.0,-0.34483194038386156,-0.0
4454531,0.0,0.0,0.0,0.0,0.0,0.0,-0.0,-0.0,0.0,0.0,0.0,-0.05400177013907273,0.12809046171489846,-0.0,-0.0,-0.3324517160976537,0.0,-0.0,0.0,0.0,-0.15927818294815885,0.0,0.04263212884252306,0.05237544207985574,-0.0,0.0,0.0,0.0,0.0,0.0,0.0,0.0,0.0,0.0,0.0,-0.36916982300487344,0.0,0.0,-0.0,0.0,0.0,0.0,-0.3617128877153606,0.0,0.0,0.0,0.0,0.0,-0.578309351525626,0.0,0.0,0.0,0.0,0.0,0.0,0.0,0.0,0.0,0.0,-0.5730107967858677,0.0,0.0,-0.0,-0.0,0.0,-0.2956576346752746,0.0,0.0,-0.0,0.0,0.0,0.0,0.0,-0.0,0.0,0.0,0.0,0.0,0.0,0.0,0.006178061681522837,0.0,0.0,-0.6654477535033899,0.0,0.14877503556130384,-0.0,0.0,3.7768937857054006,0.0,0.0,0.04872001198502955,-0.03326378583782079,0.0,0.0,-0.20109140229746447,0.0,0.0,-0.0,0.0,0.0
4455767,0.0,0.0,-0.0,0.0,0.0,0.0,0.0,0.0,0.010951259384766071,-0.0,-0.023169157567286866,0.0,0.0,0.0,0.0,0.0,-0.0,0.0,-0.2457478007290309,0.0,0.0,0.0,0.0,0.0,0.0,0.0,-0.16422591780128382,-0.014230769657938541,0.0,0.0,-0.0,-0.0,-0.0,-0.0,0.0,0.0,0.0,-0.0,0.0,0.0,0.0,-0.05697404689139213,0.0,0.0,0.0,0.0,0.0,0.0,0.0,0.0,0.0,0.0,-0.0,-0.0,0.004810255192087276,0.0,-0.0,0.0,0.0,0.0,-0.0,0.0,0.0,0.0,0.0,0.0,0.02061443296982271,-0.0,0.0,0.0,-0.0,0.0,-0.0,0.0,0.0,-1.2035648693851417,-0.04565445248406709,0.0,-0.661077692687505,-0.4043945485441857,-0.0,0.0,0.0,0.0,0.0,0.06430634914081881,0.0,-0.0,0.0,2.8061693812450494,0.0,0.0,0.0,0.0,0.0,-0.22750906295070905,0.0,0.0,0.0,-0.0,0.0
4458306,0.0,0.0,0.0,0.0,0.0,0.0,0.0,0.07787581003486999,-0.0,0.0,-0.044037544861934855,0.0,-0.0,0.0,-0.0,0.0,0.0,0.0,0.0,0.0,0.0,0.0,-0.0,-0.0,-0.0,0.0,0.015671336244660022,0.0,0.0,0.0,0.0,-0.0,-0.0,-0.0,0.0,0.0,-0.0,0.0,0.0,0.0,0.0,0.009408060257149922,0.0,0.0,-0.0,-0.0,0.03039216789189192,0.0,8.95982962323405e-07,0.0,0.0,0.0,0.0,0.0,0.0,-0.5179330322788241,0.02951862797210937,0.0,-0.0,0.0,0.0,0.0,0.0,0.014529060379446235,-0.0,0.0,-0.0,0.0,0.00937205865466717,-0.0,0.0,0.0,0.0,0.0,0.0,-0.0,-0.0,0.01852878011563898,0.0,-0.0,-0.0,-0.007388979674073384,0.0,0.0,-0.0,-0.0,0.0,-0.0,0.0,0.0,1.4701420518179313,-0.01986165841906591,0.02724826598009636,0.0,0.0,0.0,-0.3889047657283482,-0.054988598733036326,-0.0,0.0,0.0
4461030,-0.0,0.0,-0.0,0.0,0.0,0.0,0.0,0.0,0.0,0.0,0.0,0.0,-0.5701381073105005,-0.0,-0.0,0.0,-0.0,0.0,0.0,0.0,0.0,-0.0,-0.9349887775206587,-0.6077585534529567,-0.388002459263163,0.0,0.0,0.02365793949913217,0.0,0.0,0.0,0.0,0.0,0.0,0.0,0.0,-0.0,0.0,0.0,0.0,0.0,0.0,0.03161791838896534,0.019316149200708455,-0.0,-0.3385146217347322,-0.0,0.03566985676644069,0.0,0.0,0.0,0.0,0.0,-0.0,-0.0,-0.0,0.0,0.0,-0.0,0.004214858447018882,-0.0,0.0,0.02736241636319292,0.0,-0.03456722876403781,0.07834225966414815,-0.12557241982282483,0.0,0.031536357300947726,0.0,0.0,0.0,0.0,-0.0,0.0,0.0,0.0,0.0,0.0,0.0,0.0,0.0,0.0,0.0,-1.3037245341369097,-0.3717067743769127,0.0,0.0,0.04872001198502955,0.0,-0.01986165841906591,4.685543134251622,0.0,0.0,-0.0,0.0,-0.0,-0.0,-0.0,0.0,0.0
4468234,0.0,0.0,0.0,0.0,0.0,0.0,0.0,-0.0,0.0,0.0,0.09358174853190734,-0.0,0.0,0.0,0.0,-0.0,-0.0,-0.0,0.015407600389243117,0.0,-0.0,0.0,0.0,0.0,0.0,0.0,0.0,0.017792201469691724,0.0,0.0,0.0,-0.0,0.014838044581111709,2.1017625820296537e-07,0.0,-0.007935703554483878,0.0,0.0,-0.20977263191163031,0.0,0.0,-0.0,-0.0,0.0,0.0,0.0,-0.19353860405403733,0.0,-0.0,0.0,0.0,0.0,0.0,0.0,0.0,0.03139455046436483,0.0,-0.002596967913779266,-0.0,-0.0,0.0,-0.0,0.0,-0.533553057125858,0.0,-0.0,0.0,0.057100926687104384,0.0,-0.0,0.0,0.0,-0.0,0.0,0.0,0.0,0.018398585292821207,0.0,-0.0,0.0,0.0,0.0,0.00115238812005157,-0.061145474667659405,0.0,0.0,-0.0,0.0,-0.03326378583782079,0.0,0.02724826598009636,0.0,1.3815807830903923,-0.0,-0.0,-0.12514128421549725,0.0,-0.0,0.0,-0.0,0.0
4469722,-0.0,-0.0,0.0,-0.32745962241694854,-0.0,-0.0,-0.0,0.0,-0.027359889723839084,0.0,0.0,0.0,-0.0,-0.0,0.0,0.0,0.0,0.0,-0.0,0.0,0.0,-0.0,-0.0,-0.0,0.0,-0.0,0.0,0.0,-0.0,-0.0,-0.0,0.03972453655903396,-0.0,-0.0,-0.0,0.0,0.026973360495682164,0.0,0.0,-0.0,0.0,0.05478491520777409,0.0,-0.0,0.0,-0.0,-0.0,-0.0,0.0,-0.0,-0.0,-0.0,0.003674312557353704,0.0,-0.0,0.0,-0.0,0.0,0.008194179200754131,0.0,0.0,0.0,-0.0,-0.0,0.0,0.0,0.0,0.0,-0.17947001411328303,-0.0,0.0,-0.0,0.0,0.0,-0.09258146482201135,0.0,0.0,0.0,0.0,0.0,0.0,-0.0,-0.0,0.0,0.0,-0.0,0.0,0.0,0.0,0.0,0.0,0.0,-0.0,1.162863484293512,0.0,0.0,-0.0,0.0,-0.06231787017580018,0.0,0.0
4471251,-0.0,-0.0,-0.0,0.0,0.0,0.0,-0.0,-0.0,0.0,-0.006163037257077841,0.0,0.0,0.0,-0.0,-0.0,0.0,0.0,-0.0,0.0,0.0,-0.0,-0.0,-0.0,-0.0,-0.0,0.0,-0.0,0.0,-0.0,0.0,-0.03643802292933121,0.0,0.0,0.0,0.0,-0.0,-0.0,-0.026802593760204996,0.0022926781687248043,0.0,-0.1290756645086984,0.0,0.0,0.0,-0.15309840905082617,-0.0,-0.024948215505295163,0.0,0.0,0.0,0.0,0.0,0.0,-0.0,-0.0,-0.0,-0.0,0.0,0.0,0.0,0.0,-0.13723075516998834,0.02299274725303249,-0.0,-0.0,0.0,-0.0,0.0,0.0,-0.0,-0.0,0.0,-0.0,-0.0,0.0,0.021019862158539404,0.0,0.0,0.0,-0.0,0.0,0.06024870292486956,0.0,0.0,-0.0,-0.0,0.0,-0.0,0.0,0.0,0.0,-0.0,-0.0,0.0,1.1443265453213807,0.0,-0.0,-0.09149972158077749,0.0,0.0,0.0
4473883,0.0,0.0,0.0,0.0,0.0,0.0,0.0,-0.0,0.0,0.0,0.0,-0.0,0.0,0.0,0.0,-0.0,0.0,0.0,0.0,0.0,-0.0,0.0,0.0,0.0,0.0,0.0,0.0,-0.0,0.0,0.0,0.022147929400778393,-0.0,0.02160508121690992,-0.0,0.0,-0.0,0.0,0.0,-0.1068958879036746,0.0,0.0,-0.3917993449500905,-0.0,-0.0,0.0,0.0,0.0,0.0,-0.0,0.0,0.0015456637065185963,0.0,0.0,0.0,0.0,0.0,0.0,0.0,-0.0,-0.0,0.0,0.009061460812674962,-0.0,0.0,0.0,-0.0,0.0,0.0,0.0,0.0,-0.0,0.0,0.0,0.0,0.0,-0.0,0.0,0.0,-0.0,-0.0,0.0,0.0241901579881013,0.0,-0.0,0.0,0.1072986613043238,-0.0,0.0,-0.20109140229746453,-0.22750906295070905,0.0,0.0,-0.12514128421549722,0.0,0.0,1.2917260328558613,0.0,0.0,0.0,0.0,0.0
4475758,0.0,0.0,0.0,-0.0,0.0,0.0,0.0,0.0,-0.0,0.0,-0.032751220918266044,0.0,-0.0,0.0,0.0,0.0,0.0,0.0,0.0,0.0,0.0,0.0,-0.0,-0.0,0.0,0.0,0.008619093415512508,0.0,0.025207846763183356,0.0,0.0,0.0,-0.017699808573117093,-0.19292447668575585,0.0,0.0,-0.033622005605081204,0.0,-0.0,0.0,-0.0,0.002044469372679908,0.0,0.0,-0.0,0.0,0.0,0.0,0.0,0.0,0.0,0.0,0.0,0.0,0.0,-0.6070245362132495,0.03959176987032198,0.0,-0.0,0.0,0.0,0.0,0.0,0.0,0.0,0.0,-0.0,-0.0,0.0,0.0,0.0,0.0,0.0,0.0,0.0,-0.0,-0.0,0.0,0.0,-0.003148888465405411,-0.0,-0.0,0.0,0.0,-0.0,-0.0,0.0,-0.0,0.0,0.0,-0.3889047657283481,-0.0,0.0,-0.0,-0.0,0.0,1.5593982179009527,-0.07056993008106707,0.0,0.0,0.0
4477696,0.0,0.0,0.0,0.0,0.11467640439506199,0.041478418211974816,0.0,0.0,0.0014338422872977874,0.0,-0.0,0.0,0.0,0.0,0.0,2.0255167551552766e-07,0.0,0.0,0.02963395404656899,0.0,0.0,0.0,-0.0,-0.0,0.0,0.0,0.0,0.0028607569114039444,0.0,0.0,-0.0,-0.0,-0.0,0.0,0.0,-0.0,-0.7755487041746413,0.0,-0.07061738487277297,0.0,-0.29397620451722517,0.0,0.0,0.0,-0.6606191180759695,-0.0,0.0,0.0,0.0,0.0,0.0,0.0028606176908447384,0.0,0.0,0.0,-0.0,0.0,0.0002249860668265824,-0.0,1.2168424762259988e-07,-0.0,-0.09487993077262594,0.0,0.0,0.0,3.101160119256541e-07,0.0,0.0,0.00951172136505496,-0.03552369547342542,-0.0,0.0,0.0,0.0,0.0,0.0,-0.0,0.0,0.0,-0.0,-0.047918063446051165,0.0,0.0,0.0,-0.0,-0.0,0.0,-0.16091579870829148,0.0,0.0,-0.054988598733036326,-0.0,-0.0,0.0,-0.09149972158077752,0.0,-0.0705699300810671,2.2407041173346185,0.0,-0.0,0.0
4479397,0.0,0.0,0.0,-0.0,-0.0,-0.0,-0.0,-0.0,-0.0,0.09524947089779912,0.0,-0.0,-0.0,-0.0,-0.0,-0.0,0.0,-0.0,-0.0,0.0,-0.0,-0.10605527205520171,0.0,0.0,0.0,0.0,0.02024855370400551,0.0,0.0,0.0,0.0,0.0,0.0,0.0,0.014193522321896468,-0.0,0.0016454313134555282,0.0,0.0,-0.0,0.0,0.0,-0.0,0.0,0.0,-0.0,0.0,0.0,-0.04348446458848074,0.0,-0.0,0.0,0.0,0.0,0.0,0.0,0.0,0.0,0.05455115132059424,-0.0,0.019303223508416997,0.0,-0.0,-0.2084810723546211,0.0,-0.0,0.0,0.010700104990844589,-0.06964689068333657,0.0,0.019632922216991908,-0.0,0.07343598727103073,-0.0,-0.0,-0.0,-0.0,0.0,0.03214767454427929,0.0,0.0,0.0,0.0,-0.09788159206309271,-0.0,0.0,0.0,0.0,-0.0,0.0,-0.0,-0.0,0.0,-0.06231787017580015,0.0,0.0,0.0,0.0,1.147065856850084,0.07987402136541755,0.0
4479989,0.0,0.0,0.0,0.0,0.0,0.0,0.0,0.0,0.0,-0.0,0.0,0.0,0.009055890972411676,0.0,0.0,0.0,0.0,0.0,0.0,0.0,0.0,0.025638132720073953,0.0,0.0,0.0,0.0,-0.0,0.0,0.0,0.0,-0.09735726916187473,-0.058830516989885284,-0.0,0.0,-0.0,0.0,0.0,0.0,0.0,0.0,0.0,-0.0,0.0,0.0,0.0,0.0,0.0,-0.0,0.0,0.0,0.0,-0.0,-0.0,0.0,0.0,-0.0,-0.2967268348453064,0.0,-0.0,0.0,-0.0,-0.048526650659692916,0.0,-0.0,0.0,0.0,0.0,0.0,0.0,-0.21204213983305908,0.0,-0.0,-0.045218997884047984,0.0,0.0,-0.0,-0.0,0.0,-0.42239345143981777,-0.0,-0.24144042612184002,-0.0,-0.012387344990037338,0.0,0.0,0.0,0.0,-0.3448319403838616,0.0,-0.0,0.0,0.0,-0.0,0.0,0.0,0.0,0.0,-0.0,0.07987402136541755,1.6291086118334066,-0.0
4483006,0.0,0.0,0.0,-0.0,-0.0,-0.0,0.0,0.0,-0.0,-0.0,0.0,0.0,0.0,0.0,0.023005628108105303,0.0,0.0,0.0,-0.0,-0.0,0.05026909952188843,0.0,0.0,0.0,0.032438106389011664,-0.0,-0.0,-0.0,-0.0,-0.07844111150185124,-0.0,-0.0,-0.07553651370623737,0.0,-0.0,0.0,0.0,-0.0,0.0,-0.0,-0.0,-0.0,0.0,0.0,0.0,0.0,0.0,-0.0,0.0,-0.05079505782697713,-0.030679145703547184,-0.20131096650497926,0.0,0.0,0.0,0.0,-0.004183921152554199,0.0,0.0,0.0,0.0,-0.004453591823190564,-0.0,0.0,0.0,0.0,0.0,0.0,0.0,-0.0,-0.1156994047200503,-0.0,0.0,0.0,-0.0,0.0,0.0,-0.4885626108450254,0.0,-0.0,0.0,0.0,-0.0,0.0005591524001811454,0.0,0.0,0.0,-0.0,0.0,0.0,0.0,0.0,0.0,0.0,0.0,0.0,0.0,0.0,0.0,-0.0,1.4706296006097548
